-- phpMyAdmin SQL Dump
-- version 4.5.1
-- http://www.phpmyadmin.net
--
-- Host: 127.0.0.1
-- Generation Time: Dec 18, 2016 at 09:22 AM
-- Server version: 10.1.9-MariaDB
-- PHP Version: 5.6.15

SET SQL_MODE = "NO_AUTO_VALUE_ON_ZERO";
SET time_zone = "+00:00";


/*!40101 SET @OLD_CHARACTER_SET_CLIENT=@@CHARACTER_SET_CLIENT */;
/*!40101 SET @OLD_CHARACTER_SET_RESULTS=@@CHARACTER_SET_RESULTS */;
/*!40101 SET @OLD_COLLATION_CONNECTION=@@COLLATION_CONNECTION */;
/*!40101 SET NAMES utf8mb4 */;

--
-- Database: `beasiswa`
--

-- --------------------------------------------------------

--
-- Table structure for table `admin`
--

CREATE TABLE `admin` (
  `admin_id` int(11) NOT NULL,
  `admin_nama_lengkap` varchar(100) NOT NULL,
  `admin_username` varchar(100) NOT NULL,
  `admin_password` varchar(50) NOT NULL,
  `admin_level` enum('0','1') NOT NULL,
  `mdb` int(11) DEFAULT NULL,
  `mdd` datetime DEFAULT NULL
) ENGINE=InnoDB DEFAULT CHARSET=latin1;

--
-- Dumping data for table `admin`
--

INSERT INTO `admin` (`admin_id`, `admin_nama_lengkap`, `admin_username`, `admin_password`, `admin_level`, `mdb`, `mdd`) VALUES
(1, 'admin', 'admin', '21232f297a57a5a743894a0e4a801fc3', '0', 0, '2016-02-26 00:00:00');

-- --------------------------------------------------------

--
-- Table structure for table `beasiswa`
--

CREATE TABLE `beasiswa` (
  `beasiswa_id` int(11) NOT NULL,
  `beasiswa_nama` varchar(50) NOT NULL,
  `beasiswa_sumber` varchar(100) NOT NULL,
  `mdb` int(11) NOT NULL,
  `mdd` datetime NOT NULL
) ENGINE=InnoDB DEFAULT CHARSET=latin1;

--
-- Dumping data for table `beasiswa`
--

INSERT INTO `beasiswa` (`beasiswa_id`, `beasiswa_nama`, `beasiswa_sumber`, `mdb`, `mdd`) VALUES
(1, 'PPA', 'APBN KEMDIKNAS', 1, '2016-03-01 00:00:00'),
(2, 'BBP-PPA', 'APBN KEMDIKNAS', 1, '2016-03-01 00:00:00');

-- --------------------------------------------------------

--
-- Table structure for table `data_mahasiswa`
--

CREATE TABLE `data_mahasiswa` (
  `mahasiswa_no_urut` int(11) NOT NULL,
  `mahasiswa_npm` varchar(15) NOT NULL,
  `mahasiswa_kdpti` int(11) NOT NULL,
  `mahasiswa_beasiswa` int(11) NOT NULL,
  `mahasiswa_nama` varchar(100) NOT NULL,
  `mahasiswa_jk` enum('1','2') NOT NULL,
  `mahasiswa_kode_prodi` varchar(10) NOT NULL,
  `mahasiswa_jenjang` int(11) NOT NULL,
  `mahasiswa_smt` int(1) NOT NULL,
  `mahasiswa_ipk` decimal(3,2) NOT NULL,
  `mahasiswa_nama_ortu` varchar(50) NOT NULL,
  `mahasiswa_pekerjaan` int(11) NOT NULL,
  `mahasiswa_jml_tanggungan` int(11) NOT NULL,
  `mahasiswa_penghasilan` int(11) NOT NULL,
  `mahasiswa_prestasi` text,
  `mahasiswa_n_prestasi` int(11) NOT NULL,
  `mahasiswa_mulai_bulan` date NOT NULL,
  `mahasiswa_selesai_bulan` date NOT NULL,
  `mahasiswa_tahun` year(4) NOT NULL,
  `mahasiswa_keterangan` text,
  `mahasiswa_alamat` text,
  `mahasiswa_telepon` varchar(15) NOT NULL,
  `mahasiswa_tahun_masuk` year(4) NOT NULL,
  `mahasiswa_nama_mhs_direkening` varchar(100) NOT NULL,
  `mahasiswa_nama_bank` varchar(100) NOT NULL,
  `mahasiswa_no_rekening` varchar(12) NOT NULL,
  `mahasiswa_status` enum('Lama','Baru') NOT NULL,
  `mahasiswa_sks` int(11) NOT NULL,
  `mdb` int(11) NOT NULL,
  `mdd` datetime NOT NULL
) ENGINE=InnoDB DEFAULT CHARSET=latin1;

--
-- Dumping data for table `data_mahasiswa`
--

INSERT INTO `data_mahasiswa` (`mahasiswa_no_urut`, `mahasiswa_npm`, `mahasiswa_kdpti`, `mahasiswa_beasiswa`, `mahasiswa_nama`, `mahasiswa_jk`, `mahasiswa_kode_prodi`, `mahasiswa_jenjang`, `mahasiswa_smt`, `mahasiswa_ipk`, `mahasiswa_nama_ortu`, `mahasiswa_pekerjaan`, `mahasiswa_jml_tanggungan`, `mahasiswa_penghasilan`, `mahasiswa_prestasi`, `mahasiswa_n_prestasi`, `mahasiswa_mulai_bulan`, `mahasiswa_selesai_bulan`, `mahasiswa_tahun`, `mahasiswa_keterangan`, `mahasiswa_alamat`, `mahasiswa_telepon`, `mahasiswa_tahun_masuk`, `mahasiswa_nama_mhs_direkening`, `mahasiswa_nama_bank`, `mahasiswa_no_rekening`, `mahasiswa_status`, `mahasiswa_sks`, `mdb`, `mdd`) VALUES
(1, '13.11.7094', 53021, 1, 'MUHAMAD SABARHADI', '1', '55201', 3, 6, '3.67', 'na', 1, 5, 0, 'Ketua Panitia Battle of qurban, CCNA 1 & 2, Panitia workshop , panitia Seminar jaringan , panitia Jambore 2013 dan 2014.', 0, '2016-01-01', '2016-12-31', 2016, '', 'Jl.Almiftah Dsan geres Tengah kec.Gerung kab. Lombok Barat NTB', '087765782250', 0000, '', 'Muamalat', '7210046521', 'Lama', 106, 1, '0000-00-00 00:00:00'),
(2, '15.21.0884', 53021, 2, 'NOVIA BUSIARLI', '2', '55201', 4, 2, '3.60', 'BUSTAMI NUR', 5, 6, 1500000, '', 0, '2016-01-01', '2016-12-31', 2016, 'Beasiswa BBP-PPA 2016', 'Jl. H Agus Salim No. 39 RT.21 Kelurahan Guguk  Malintang Kecamatan Padang Panjang Timur KOta Padang Panjang Sumatera Barat', '085364741449', 0000, '', 'Muamalat', '5380002432', 'Baru', 80, 1, '0000-00-00 00:00:00'),
(3, '14.12.8323', 53021, 2, 'AFIFUDDIN', '1', '55201', 3, 4, '3.72', 'MURAHMAN', 1, 2, 500000, '', 0, '2016-01-01', '2016-12-31', 2016, '', 'dusun banasare laok rt/003 rrw/003 desa banasare kecamatan rubaru kabupaten sumenep', '081939081537', 0000, '', 'Muamalat', '5370004348', 'Lama', 72, 1, '0000-00-00 00:00:00'),
(4, '14.12.8227', 53021, 1, 'ZIDNY FAHMY FATKHURRAHMAN', '1', '57201', 4, 4, '3.39', 'Sri Retnani Handayani', 1, 3, 2440300, '', 0, '2016-01-01', '2016-12-31', 2016, 'PPA', 'Jl. R.M. Surya No.28 b, RT 04 / RW 02 , Ling. Temon, Kab. Pacitan, Jawa Timur. 63515', '087758085459', 0000, '', 'Muamalat', '5390001544', 'Baru', 72, 1, '0000-00-00 00:00:00'),
(5, '14.11.8172', 53021, 1, 'Zahid Hildan Mufata', '1', '55201', 4, 4, '3.83', 'Suyadi Sugiat', 3, 4, 3000000, '1. Certificate Workshop "WHAT A BOY NEED TO BE PROFESIONAL"\r\n2. Certificate Seminar dan Workshop ONE DAY WEB PROGRAMMING "LEARN CODING FROM NOTHING TO EVERYTHING"\r\n3. Certificate Seminar "Build Awesome & Fast Web App Using Angular JS"\r\n4. Certificate Seminar Webpreneur "Dapatkan penghasilan CEO dari Website"\r\n5. Certificate Seminar Personal Branding In Digital Society Show To Market Your Yourself\r\n6. Certificate Seminar & Workshop "The Secret To Develop Mobile Hybrid Application With Jquery Mobile"\r\n7. Certificate Workshop "Introduction To Computer 2014 : Basic of Information Technology"\r\n8. Certificate Kegiatan Penggalian Potensi Mahasiswa (PPM)\r\n9. Certificate International Seminar "Business Opportunities for Big Data dab Cloud Computing"\r\n10. Certificate LATIHAN DASAR KEPEMIMPINAN DAN MANAJEMEN ORGANISASI\r\n11. Certificate SMART EXPO DEVELOPER 2015 TECHNOLOGY FOR BETTER FUTURE\r\n12. Certificate CCNA Routing and Switching: Introduction To Networks', 0, '2016-01-01', '2016-12-31', 2016, '', 'Ds. Gembol, Kec. Pejawaran, Kab. Banjarnegara Jawa Tengah', '085327111151', 0000, '', 'Muamalat', '2080000112', 'Lama', 72, 1, '0000-00-00 00:00:00'),
(6, '13.11.7499', 53021, 1, 'DANY PUTRA HERMAWAN', '1', '55201', 4, 6, '3.63', 'HERU WASTAYA', 2, 3, 2500000, 'ASISTEN PRAKTIKUM MATA KULIAH JARINGAN KOMPUTER TA. 2015/2016,\r\nCCNA 1 ROUTING AND SWITCHING : INTRODUCTION TO NETWORKS\r\nCCNA 1 GREETING CISCO ROUTING AND SWITCHING : INTRODUCTION TO NETWORKS,\r\nCCNA 2 ROUTING AND SWITCHING : ROUTING AND SWITCHING ESSENTIALS\r\nCCNA 2 ROUTING AND SWITCHING : ROUTING AND SWITCHING ESSENTIALS,\r\nCOMPLETION OF THE MIKROTIK COURSE,\r\nPENGGALIAN POTENSI MAHASISWA (PPM) 2013, STMIK AMIKOM YOGYAKARTA,\r\nPESERTA BORN TO BE DEVELOPER UNIVERSITAS ATMA JAYA 26 APRIL 2015,\r\nPESERTA CREATING STARTUP CREATING CREATION UNIVERSITAS TEKNOLOGI YOGYAKARTA 02 MEI 2015,\r\nPARTICIPANT IN A PUBLIC LECTURE "GENERASI MUDA JOGJA - GENERASI SIAP DIGITAL" YOGYAKARTA 15 DESEMBER 2015,\r\nPESERTA METODOLOGI PENELITIAN DALAM BIDANG TEKNOLOGI INFORMASI 08 DESEMBER 2015,\r\nPESERTA SMART EXPO DEVELOPER 2014 STMIK AMIKOM YOGYAKARTA.', 0, '2016-01-01', '2016-12-31', 2016, '', 'Kp. KAPUDANG, RT/RW 01/05, DES. SUKATANI, KEC. CISOKA,  KAB. TANGERANG, PROV. BANTEN', '081382305528', 2013, '', 'Muamalat', '5370004512', 'Baru', 120, 1, '2016-03-08 02:58:49'),
(7, '15.22.1694', 53021, 2, 'Dendi Prasetia', '1', '55201', 4, 2, '3.00', 'Suratman', 5, 4, 10800000, '1.Sertifikat Potensi Penggalian Mahasiswa(PPM) tahun 2012 STIMIK AMIKOM Yogyakarta\r\n2.Sertifikat Peran Ekonomi Kreatif Dalam Rangka Menghadapi MEA(Masyarakat Ekonomi ASEAN) tahun 2016 STIMIK AMIKOM Yogyakarta.\r\n3.Sertifikat Introduction To Computer(ITC) tahun 2012 STIMIK AMIKOM Yogyakarta', 0, '2016-01-01', '2016-12-31', 2016, '', 'Bendo RT 02 / RW 04 Jerukwudel,Girisubo,Gunungkidul', '081328518681', 2015, 'Dendi Prasetia', ' Bank Muamalat Indonesia', '0220047410', 'Baru', 126, 1, '2016-03-08 04:04:50'),
(8, '15.22.1703', 53021, 2, 'Zerri Ayu Monica', '2', '55201', 4, 2, '3.70', 'Wahyu Tomo Widodo', 3, 3, 10800000, '1. Piagam penghargaan sebagai wisudawati berpredikat cumlaude pada wisuda magister,sarjana, ahli madya periode 54 tahun 2015 STMIK AMIKOM yogyakarta\r\n2. sertifikat penggalian potensi mahasiswa (ppm) tahun 2012 STMIK AMIKOM\r\n3. Sertifikat peran ekonomi kreatif dalam rangka menghadapi MEA (masyarakat ekonomi asean) 2016 STMIK AMIKOM\r\n4. Sertifikat introduction to computer (ITC) tahun 2012 STMIK AMIKOM', 0, '2016-01-01', '2016-12-31', 2016, '', 'Perum Purwomartani Jl. Arimbi no 2, Kalasan , Sleman, Yogyakarta', '081327586715', 2015, 'ZERRI AYU MONICA', ' Bank Muamalat Indonesia', '5370000245', 'Baru', 126, 1, '2016-03-08 04:05:15'),
(9, '14.11.8208', 53021, 1, 'Muhammad Rudy Setyawan', '1', '55201', 4, 4, '3.69', 'Supardi', 5, 4, 4263865, '1. CCNA Routing and Switching CCNA 1 (2016)\r\n2. Smart Expo Developer (2015)\r\n3. Ketua Panitia, Kajian Live Cah Kuliahan (2015)\r\n4. Seminar Nasional, Network Attached Storage (2014)\r\n5. Seminar dan workshop,  One Day Web Programming (2014)\r\n6. Seminar, Microcontroller for Developer (2014)\r\n7. Workshop, Introduction To Computer (2014)\r\n8. Jambore Mahasiswa Muslim (2015)\r\n9. PPM (2014)', 0, '2016-01-01', '2016-12-31', 2016, '', 'Rt 012/ Rw 013, Ds. Bukit Lembah Subur Kec. Kerumutan Kab. Pelalawan, Riau ', '081276310809', 2014, '', 'Muamalat', '5390001886', 'Baru', 72, 1, '2016-03-08 04:13:36'),
(10, '13.12.7335', 53021, 1, 'EKA PRAVALITASARI', '2', '57201', 4, 6, '3.78', 'Dul Chamid', 3, 3, 36000000, '1. Cisco Linux Proffesional Institute\r\n2. Seminar Nasional HMP-UGM\r\n3. Microsoft Digital literacy\r\n4. ITC 2013\r\n5. Pengabdian Masyarakat HIMMSI \r\n6. Penggalian Potensi Mahasiswa 2013\r\n7. Asisten praktikum Mata Kuliah Statistika/Statistik Semester Genap 2014/2015\r\n8. Asisten praktikum Mata Kuliah Pengantar Teknologi Informasi Semester Ganjil 2014/2015\r\n9. Staff Department Riset dan Teknologi HIMMSI 2014/2015', 0, '2016-01-01', '2016-12-31', 2016, '', 'Gesikan RT/RW 04/04 Sidomoyo Godean Sleman Yogyakarta', '087739312019', 2013, 'EKA PRAVALITASARI', ' Bank Muamalat Indonesia', '5370003883', 'Lama', 120, 1, '2016-03-08 04:53:21'),
(11, '14.12.7895', 53021, 2, 'ADE PRASETYA', '1', '57201', 4, 4, '3.78', 'SARDI', 5, 2, 750000, '1. Sertifikat "IT Essentials"\r\n2. Sertifikat "Linux Professional Institute"\r\n3. Sertifikat "Ilusi Optik 3D Mapping"\r\n4. Sertifikat "Seminar Teknologi Bigdata"\r\n5. Sertifikat "Personal Branding In Digital Society - How to Market Yourselft"\r\n6. Sertifikat "Penggalian Potensi Mahasiswa"', 0, '2016-01-01', '2016-12-31', 2016, '', 'Sempu 035/009 Pringombo Rongkop Gunungkidul Yogyakarta', '085225181252', 2014, '', 'Muamalat', '5380002157', 'Baru', 72, 1, '2016-03-08 06:18:07'),
(12, '15.22.1748', 53021, 2, 'EDO FIRAWAN', '1', '55201', 4, 2, '3.23', 'SAFEI', 6, 2, 7200000, 'JUARA II FOTO KALENDER SOPHIE MARTIN MADIUN, JUARA I TOP MODEL MODEL FIESTA MADIUN, JUARA FAVORIT ALWAYS TOTAL LOOK SOPHIE MARTIN MADIUN, JUARA HARAPAN I VALENTINE DAY MADIUN', 0, '2016-01-01', '2016-12-31', 2016, '', 'DUKUH DANYANG RT.03 RW.02 SUKOSARI BABADAN PONOROGO', '085203417976', 2015, 'EDO FIRAWAN', ' Bank Muamalat Indonesia', '5370001548', 'Baru', 24, 1, '2016-03-08 06:28:12'),
(13, '15.12.8789', 53021, 1, 'RAMADHAN FAJARIYANTO WIDODO', '1', '57201', 4, 2, '4.00', 'SLAMET MUGI WIDODO', 1, 3, 2708752, 'SERTIFIKAT PPM DAN SERTIFIKAT ITC ', 0, '2016-01-01', '2016-12-31', 2016, '', 'GONDANG TANI RT.26, KEL. GONDANG, KEC.GONDANG, KAB. SRAGEN, JAWA TENGAH', '085229663901', 2015, '', 'Muamalat', '5380002445', 'Baru', 24, 1, '2016-03-08 07:23:31'),
(14, '13.11.7204', 53021, 1, 'QONITAH ASNIFAH', '2', '55201', 4, 6, '3.85', 'ASNAWI SALMAN SH. MH.', 6, 3, 3250000, 'Mengikuti beberapa kepanitiaan di organisasi yang ada di AMIKOM, Peserta CCNA 1, dan Pernah menjadi asisten MULTIMEDIA dan KOMPUTER GRAFIS TA. 2015/2016', 0, '2016-01-01', '2016-12-31', 2016, '', 'JALAN HANG TUAH NO.108, PALU-SULAWESI TENGAH', '081341055746', 2013, '', 'Muamalat', '5370004487', 'Lama', 120, 1, '2016-03-08 07:51:52'),
(15, '13.11.7218', 53021, 1, 'MUHAMMAD AZIZ FATCHUR RACHMAN', '1', '55201', 4, 6, '3.93', 'ANWARI', 3, 5, 10000000, '-', 0, '2016-01-01', '2016-12-31', 2016, '', 'DESA KOTA BANI RT/RW 005/002 KECAMATAN PUTRI HIJAU KAB. BENGKULU UTARA, BENGKULU', '082378301169', 2013, '', 'Muamalat', '5380001852', 'Lama', 120, 1, '2016-03-08 07:53:02'),
(16, '13.11.7194', 53021, 1, 'ALBRINI PUDJI ASTRUTI', '2', '55201', 4, 6, '3.82', 'SRI MULYANI, SE', 1, 2, 3639200, '', 0, '2016-01-01', '2016-12-31', 2016, '', 'ASRAMA POLISI JALAN SALAK TIMUR BLOK B NO. 32, BANJARBARU, KALIMANTAN SELATAN', '08125121505', 2013, '', 'Muamalat', '6130003636', 'Lama', 120, 1, '2016-03-08 07:56:28'),
(17, '14.12.8106', 53021, 1, 'RIRIN WIDIYAWATI', '2', '57201', 4, 4, '3.81', 'LASONO', 3, 3, 800000, 'SERTIFIKAT LINUX PROFESSIONAL INSTITUTE\r\nSERTIFIKAT PESERTA SEMINAR PERSONAL BRANDING IN DIGITAL SOCIETY - HOW TO MARKET YOURSELF\r\nSERTIFIKAT PANITIA ENTREPRENEUR DAYS KE-54', 0, '2016-01-01', '2016-12-31', 2016, '', 'MARGOREJO RT 18 / RW 07, KADILAJO, KARANGNONGKO, KLATEN', '085729309219', 2014, '', 'Muamalat', '5350007364', 'Baru', 72, 1, '2016-03-08 08:37:17'),
(18, '15.01.3477', 53021, 2, 'SEPTIAN AJIANTO', '1', '55401', 3, 2, '3.42', 'SUNGENG TEGUH YUDIANTO', 6, 4, 10800000, '', 0, '2016-01-01', '2016-12-31', 2016, '', 'JALAN DAMAI 107 RT 07 RW 02 PINGIT YOGYAKARTA', '081804188961', 2015, 'SEPTIAN AJIANTO', ' Bank Muamalat Indonesia', '5310073029', 'Baru', 24, 1, '2016-03-08 08:55:35'),
(19, '13.11.7050', 53021, 1, 'BIMA SAKTI', '1', '55201', 4, 6, '3.87', 'MUHAMMAD SAHDAN', 2, 2, 2500000, 'PESERTA PPM 2013, KOMISI MEDIA DAN HUBUNGAN MASYARAKAT KEMPO AMIKOM, PESERTA HARMONY ORGANIZATION, PESERTA SMART EXPO DEVELOPER 2014, PESERTA CCNA ROUTING AND SWITCHING, PESERTA SEMINAR DAN KOPDAR BLOGGER NUSANTARA, PANITIA SEMINAR DAN KOPDAR BLOGGER NUSANTARA', 0, '2016-01-01', '2016-12-31', 2016, '', 'PERUMAHAN PINANG HIJAU, BLOK A2, NO 74, KM 10, TANJUNGPINANG, KEPRI', '08127796443', 2013, '', 'Muamalat', '5370004646', 'Baru', 120, 1, '2016-03-08 09:20:08'),
(20, '13.11.7072', 53021, 1, 'SALMAN HADI', '1', '55201', 4, 6, '3.93', 'ASRORI', 1, 5, 6102604, 'Juara 2 Poster Design Competition Gebyar Muharram 1435H', 0, '2016-01-01', '2016-12-31', 2016, '', 'Sukadadi, Pematang Kolim, Pelawan, Sarolangun, Jambi', '08127479194', 2013, '', 'Muamalat', '2080000101', 'Baru', 120, 1, '2016-03-08 09:28:12'),
(21, '13.12.7224', 53021, 1, 'FARID AGUNG KURNIAWAN', '1', '57201', 4, 6, '3.90', 'MUJIONO', 1, 2, 4648220, '', 0, '2016-01-01', '2016-12-31', 2016, '', 'Perumahan Telaga Mukti C.94, RT 02/RW 07, Keluarahan Jurang, Kecamatan Temanggung, Kabupaten Temanggung', '085643335947', 2013, '', 'Muamalat', '5310071855', 'Lama', 118, 1, '2016-03-08 09:31:20'),
(22, '13.11.7239', 53021, 1, 'Muh. Syamil Alansyar', '1', '55201', 4, 6, '3.60', 'Marwan', 1, 3, 2896500, 'Daftar Sertifikat/Piagam Ko-Kurikuler\r\nSebagaia “Peserta”\r\n\r\n1.	Sertifikat Penggalian Potensi Mahasiwa “PPM 2013” STMIK AMIKOM Yogyakarta, 4 - 5 September 2013.\r\n2.	Sertifikat “Optimizing Your System” STMIK AMIKOM Yogyakarta,         15 November 2013.\r\n3.	Sertifikat Talk Show “The Power Of Organization” STMIK AMIKOM Yogyakarta, 11 Januari 2014.\r\n4.	Sertifikat Workshop “Remastering” STMIK AMIKOM Yogyakarta, \r\n26 April 2014.\r\n5.	Sertifikat Smart Expo Developer “SED 2014” STMIK AMIKOM Yogyakarta.\r\n6.	Sertifikat Bootcamp “Access Forbidden” STMIK AMIKOM Yogyakarta, 22 Mei 2015.\r\n\r\nDaftar Sertifikat/Piagam Ko-Kurikuler\r\nSebagaia “Peserta Cisco Network Academy”\r\n\r\n1.	Cisco Certified Network Academy - 1 (CCNA1) Routing and\r\nSwitchin “Introduction to Network” diselenggarakan Oleh Amikom Cisco Network Academy di STMIK AMIKOM Yogyakarta, 14 Januari 2015.\r\n2.	Cisco Certified Network Academy - 2 (CCNA2) Routing and Switching “Routing \r\nand Switching Essentials” diselenggarakan Oleh Amikom Cisco Network\r\nAcademy di STMIK AMIKOM Yogyakarta, 3 Juli 2015.\r\n3.	Cisco Certified Network Academy - 3 (CCNA3) Routing and Switching “Scaling Network” diselenggarakan Oleh Amikom Cisco Network\r\nAcademy di STMIK AMIKOM Yogyakarta, 10 Januari 2016.\r\n4.	Cisco Certified Network Academy - 4 (CCNA4) Routing and Switching “Connecting Network” diselenggarakan Oleh Amikom Cisco Network\r\nAcademy di STMIK AMIKOM Yogyakarta, 7 September 2015.\r\n5.	Cisco Certificate of Completion “Introduction to the Internet Of Everything” diselenggarakan Oleh Amikom Cisco Network\r\nAcademy di STMIK AMIKOM Yogyakarta, 10 Januari 2016.\r\n\r\nDaftar Sertifikat/Piagam Ekstra-Kurikuler\r\nSebagaia “Peserta Semnas”\r\n\r\n1.	Sertifikat Seminar Nasional “Internet Of Things” diselenggarkan Oleh Himpunan Mahasiswa Jurusan Teknik Informatika (HMJTI) bekerja sama dengan Free Open Source Software Interest League (FOSSIL) di STMIK AMIKOM Yogyakarta, 5 Desember 2015.\r\n\r\nDaftar Sertifikat/Piagam Ko-Kurikuler\r\nSebagaia “Panitia”\r\n\r\n1.	Sertifikat sebagai Sie Konsumsi dalam acara Seminar dan Workshop“Metodologi Penelitian dan Pelatihan TA/Skripsi” Diselenggarakan Oleh Himpunan Jurusan Teknik Informatika (HMJTI) di STMIK Amikom Yogyakarta, 17 April 2016.\r\n2.	Sertifikat sebagai Sie Perlengkapan dalam acara “Upgrading 2” Diselenggarakan Oleh Himpunan Jurusan Teknik Informatika (HMJTI) di STMIK Amikom Yogyakarta, 23 April 2015.\r\n3.	Sertifikat sebagai Ketua Pelaksana dalam acara Seminar”Webpreneur : Dapatkan Penghasilan CEO dari Website” Diselenggarakan Oleh Himpunan Jurusan Teknik Informatika (HMJTI) di STMIK Amikom Yogyakarta, 16 Oktober 2015.\r\n4.	Sertifikat sebagai Sie Publikasi Dekorasi Dokumentasi dalam acara “HMJTI Expo 2015” Diselenggarakan Oleh Himpunan Jurusan Teknik Informatika (HMJTI) di STMIK Amikom Yogyakarta, 23 November 2015.\r\n5.	Sertifikat sebagai Kordinator Sie Keamanan dalam acara “Latihan Dasar kepemimpinan dan Manajemen Organisasi” Diselenggarakan Oleh Himpunan Jurusan Teknik Informatika (HMJTI) di STMIK Amikom Yogyakarta, 24 Februari 2016.\r\n\r\n', 0, '2016-01-01', '2016-12-31', 2016, '', 'Link. Sawete Barat, Bali, Dompu, N.T.B', '08175738557', 2013, '', 'Muamalat', '5380002156', 'Baru', 120, 1, '2016-03-08 09:33:43'),
(23, '14.12.8301', 53021, 2, 'Muhammad Khuaelit', '1', '57201', 4, 4, '3.61', 'H M SYUKRI MANSUR', 5, 4, 500000, 'sertifikat Linux profesional institute\r\nsertifikat metodologi penelitian dalam bidang teknologi informasi\r\nsertifikat PPM sebagai Panitia Pemandu\r\nsertifikat PPM sebagai Peserta\r\nsertifikat ITC\r\nsertifikat seminar " How to becoming administrator sysadmin mikrotik"\r\nsertifikat seminar "build awesome & fast web app using angular JS"\r\nsertifikat panitia Pelatihan TA dan Skripsi\r\nsertifikat "one day web progreming"\r\nsertifikat workshop " easy developing mobile apps"\r\nsertifikat jambore mahasiswa muslim amikom 2014\r\nsertifikat koordinator sie qurban uki jastis', 0, '2016-01-01', '2016-12-31', 2016, '', 'Jln Pariwisata Joben, Lombok Timur NTB', '081918139194', 2014, '', 'Muamalat', '5380002448', 'Baru', 72, 1, '2016-03-08 10:34:07'),
(24, '14.11.8259', 53021, 1, 'Hastuti', '2', '55201', 4, 4, '3.78', 'Haeruddin', 4, 4, 6011410, 'Sertifikat Peserta Workshop Introducing To Computer (ITC) 2014\r\nSertifikat Peserta Penggalian Potensi Mahasiswa (PPM)2014\r\nSertifikat Peserta TalkShow Be A High Quality Women\r\nPeserta Seminar Nasional Indonesia Goes To Nuclear Power Plan and IT For Life\r\nSertifikat Peserta Smart Expo Developerb2015\r\nSertifikat Peserta Seminar OverClocking 2015\r\nSertifikat Panitia Penggalian Potensi Mahasiswa (PPM) 2015\r\nSertifikat Peserta Seminar Kesehatan Kanker Serviks dan Proteksinya\r\nSertifikat Peserta Seminar Personal Branding IN Digital Society\r\nCertificate Of Course Completion (CCNA 1)\r\nSertifikat Juara Faforit Intralicious On Campus', 0, '2016-01-01', '2016-12-31', 2016, '', 'Jln. Merdeka 1 No 10, Kendari Sulawesi Tenggara', '081245798873', 2014, '', 'Muamalat', '5320006976', 'Baru', 72, 1, '2016-03-08 11:17:34'),
(25, '15.22.1672', 53021, 2, 'SEPTIYANA DWI LINDA YANTI', '2', '57201', 4, 2, '3.57', 'SUPADI', 5, 2, 900, 'PIAGAM CUMLAUDE', 0, '2016-01-01', '2016-12-31', 2016, '', 'JL KESENENG BENOWO BENER PURWOREJO', '085240535266', 2015, '', 'Muamalat', '5370004184', 'Baru', 126, 1, '2016-03-10 02:36:54'),
(26, '15.12.8777', 53021, 1, 'Awal Setyanto', '1', '57201', 4, 2, '3.92', 'Supriyanto', 6, 3, 1100000, '1. Sertifikat Penggalian Potensi Mahasiswa\r\n2.Sertifikat Introduction To Computer\r\n3.Sertifikat Workshop Build Awesome Apss On Universal Windows Platform\r\n4.Certificate Of Completion Microsoft Virtual Academy', 0, '2016-01-01', '2016-12-31', 2016, '', 'Desa Gunungtelu Rt03 Rw02 Kec.Karangpucung Kab.Cilacap', '085974045046', 2015, '', 'Muamalat', '5380002444', 'Baru', 24, 1, '2016-03-10 02:46:18'),
(27, '14.11.8052', 53021, 2, 'Dony Septian Raditya', '1', '55201', 4, 4, '3.64', 'Widodo', 6, 3, 8400000, 'Sertifikat Seminar Nasional Retail, Sertifikat Introducing To Computer, Sertifikat Penggalian Potensi Mahasiswa, Sertifikat Cisco CCNA 1 Routing and Switching, Sertifikat One Day Web Progamming, Sertifikat Indomart Group', 0, '2016-01-01', '2016-12-31', 2016, '', 'Semangkak, Klaten Tengah, Klaten', '085643137701', 2014, '', 'Muamalat', '5670001928', 'Lama', 72, 1, '2016-03-10 04:12:21'),
(28, '13.12.7578', 53021, 1, 'LAUDE PIRERA ARDI', '1', '57201', 4, 6, '3.92', 'HARI SUBAGYO', 2, 2, 2550000, '1. Peserta Seminar WPAP Coloring Art 2014\r\n2. Peserta Pelatihan TA & Skripsi 2016\r\n3. Peserta Linux Professional Institute 2015\r\n4. Asisten Terfavorit Komputer Grafis Semester Genap TA. 2014/2015\r\n5. Asisten Terbaik Struktur Data Semester Genap TA. 2014/2015', 0, '2016-01-01', '2016-12-31', 2016, '', 'CIP. ASEM JL. ALFALLAH RT. 001/002 KEBON PALA, MAKASAR, JAKARTA TIMUR', '085216184724', 2013, '', 'Muamalat', '5310070470', 'Lama', 120, 1, '2016-03-10 04:14:10'),
(29, '14.11.8463', 53021, 1, 'Agung Wijayanto', '1', '55201', 4, 4, '3.56', 'Sunarto', 1, 2, 6632093, '1. CCNA\r\n2. TOEIC\r\n3. Raimuna Nasional X\r\n4. Panitia PPM 2015\r\n5. Panitia Seminar "How to Becoming Sysadmin Mikrotik"\r\n6. Peserta PPM 2014\r\n7. Peserta LDKMO\r\n8. Peserta Upgrading Tahap II\r\n9. Peserta Seminar "Microcontroller For Developer"', 0, '2016-01-01', '2016-12-31', 2016, '', 'Jl. Mambruk Benyom Jaya II\r\nNimbokrng - Jayapura - Papua', '081344808604', 2014, '', 'Muamalat', '5320006132', 'Baru', 72, 1, '2016-03-10 04:49:01'),
(30, '15.02.9015', 53021, 1, 'Diyah Ima Purwani', '2', '57401', 3, 2, '3.75', 'Kamijan', 1, 1, 3631800, '', 0, '2016-01-01', '2016-12-31', 2016, '', 'Gebang 1, RT 002/RW 001, Plumbon, Temon, Kulon Progo', '085642296403', 2015, '', 'Muamalat', '5370004621', 'Baru', 24, 1, '2016-03-10 05:03:53'),
(31, '15.02.9010', 53021, 1, 'Nawar Zubaidah', '2', '57401', 3, 2, '3.83', 'Wagino', 3, 2, 3000000, '', 0, '2016-01-01', '2016-12-31', 2016, '', 'Jatirejo, RT.01, Sambi, Sambirejo, Sragen', '081373141877', 2015, '', 'Muamalat', '5310073024', 'Baru', 24, 1, '2016-03-10 05:04:24'),
(32, '15.11.8500', 53021, 1, 'YUSUF MAULANA NURHADI', '1', '55201', 4, 2, '3.92', 'MAHDIJAYA', 1, 4, 5382583, 'SEBAGAI PANITIA DALAM KEGIATAN "  WORKSHOP BUILD AWESOME APPS ON UNIVERSAL WINDOWS PLATFROM " ( tahun 2015 )', 0, '2016-01-01', '2016-12-31', 2016, 'MAHASISWA SEMESTER 2', 'JL. W.R. SUPRATMAN RT 01 RW 01\r\nBERINGIN RAYA, MUARA BANGKAHULU\r\nBENGKULU, BENGKULU', '081356545436', 2015, '', 'Muamalat', '5310072971', 'Baru', 24, 1, '2016-03-10 05:17:57'),
(33, '15.11.8529', 53021, 2, 'PURWANTO BUDI NUR PRATAMA', '1', '55201', 4, 2, '3.67', 'GUNANTO', 6, 2, 1000000, 'SERTIFIKAT ITC', 0, '2016-01-01', '2016-12-31', 2016, 'MAHASISWA SEMESTER 2', 'LEDOKSARI 18/08, TLOGOWATU, KEMALANG , KLATEN, JAWA TENGAH', '085728643260', 2015, '', 'Muamalat', '5310072970', 'Baru', 24, 1, '2016-03-10 05:20:19'),
(34, '13.11.7169', 53021, 2, 'Atmaja Basuki', '1', '55201', 4, 6, '3.52', 'Sukardi', 5, 2, 6000000, '“Seminar Nasional Teknologi Informasi dan Multimedia 2016” sebagai pemakalah\r\n“Asisten Praktikum Mata kuliah Sistem Operasi pada Semester Ganjil TA. 2015/2016” dengan predikat baik\r\n“The Best Annual Multimedia Show – Battle of Digital Illustration” sebagai peserta\r\n“Asisten Praktikum Mata kuliah Hardware/Software I pada Semester Genap TA. 2014/2015” dengan predikat baik\r\n“Asisten Praktikum Mata kuliah Sistem Operasi pada Semester Genap TA. 2014/2015” dengan predikat sangat baik\r\nSeminar “Mengobarkan Semangat Generasi Penerus Pembangunan Pertanian Indonesia dengan Jiwa Kewirausahaan” sebagai peserta\r\nPanitia “Upgrading Tahap II – SENAT Mahasiswa STMIK AMIKOM Yogyakarta” sebagai sie pubdekdok\r\nPanitia “Smart Expo Developer 2015 – Technology for Better Future” sebagai anggota pdd\r\nSeminar “Animasi dalam Industri Kreatif” sebagai peserta\r\nPanitia “Latihan Dasar Kepemimpinan dan Manajemen Organisasi” sebagai anggota acara\r\nSeminar internasional “How to Become an IT Entrepreneur” sebagai peserta\r\n“Olimpiade Nasional Matematika, Fisika, Kimia dan Biologi bagi Mahasiswa Perguruan Tinggi (ONMIPA-PT) Tingkat Wilayah Tahun 2014” sebagai perserta bidang matematika\r\nPanitia “Dialog Lembaga dan Mahasiswa 2015” sebagai koordinator sie pubdekdok\r\n“Seminar Menjadi Entrepreneur Handal” sebagai peserta\r\n“Smart Expo Developer 2014” sebagai peserta\r\nWorkshop “Introduce to Computer 2013 : Information Technology as The Key of Future” sebagai peserta\r\n', 0, '2016-01-01', '2016-12-31', 2016, '', 'Karangwuni Rt. 10 Rw. 04 Gondangsari, Juwiring, Klaten', '081329333633', 2013, 'ATMAJA BASUKI', ' Bank Muamalat Indonesia', '5610000868', 'Baru', 120, 1, '2016-03-10 05:46:16'),
(35, '15.11.8483', 53021, 2, 'Wahyu Romadhon', '1', '55201', 4, 2, '3.42', 'abdul azis', 2, 2, 18000000, '-PPM STMIK AMIKOM 2015', 0, '2016-01-01', '2016-12-31', 2016, '', 'jl. riau Gg. mutiara 35 RT 04 RW 03 Lateng, Banyuwangi', '081336253913', 2015, 'Wahyu Romadhon', ' Bank Muamalat Indonesia', '5390001885', 'Baru', 24, 1, '2016-03-10 06:29:43'),
(36, '15.11.8546', 53021, 2, 'ASA HIRASNA SEPTIANI', '2', '55201', 4, 2, '3.00', 'SUMARTONO', 3, 3, 36000000, '', 0, '2016-01-01', '2016-12-31', 2016, '', 'Pojok Tiyasan Rt 02 Rw 01 Condong Catur Depok Sleman Yk', '087738144799', 2015, 'ASA HIRASNA SEPTIANI', ' Bank Muamalat Indonesia', '5350007362', 'Baru', 24, 1, '2016-03-10 06:40:33'),
(37, '15.11.8506', 53021, 1, 'Tri Marti Rahman Nika M.S', '2', '55201', 4, 2, '3.92', 'Rohyati', 1, 1, 5741317, '', 0, '2016-01-01', '2016-12-31', 2016, '', 'Perum Buaran Indah B.299 Jalan Bulutangkis III RT 01 RW 06 Kelurahan jenggot Kecamatan Pekalongan Selatan, Kota Pekalongan', '085870178327', 2015, '', 'Muamalat', '5350007361', 'Baru', 24, 1, '2016-03-10 06:40:39'),
(38, '14.12.8057', 53021, 2, 'Sudirman Wiranata', '1', '57201', 4, 4, '3.06', 'Sulaiman', 1, 2, 27391200, '', 0, '2016-01-01', '2016-12-31', 2016, '', 'JL. S. Parman Gg. Sukun , Ketapang - Kalimantan Barat', '085387084406', 2014, 'Sudirman Wiranata', ' Bank Muamalat Indonesia', '5350007354', 'Baru', 72, 1, '2016-03-10 07:18:54'),
(39, '13.12.7609', 53021, 1, 'RAYNALDI FATIH AMANULLAH', '1', '57201', 4, 6, '3.95', 'TEGUH EKO MUCHIWIJANTO', 1, 2, 6034391, '', 0, '2016-01-01', '2016-12-31', 2016, '', 'JALAN PEMUDA NO 133 A RT 01/ RW 05, KELURAHAN BOJA, KECAMATAN BOJA, KABUPATEN KENDAL, JAWA TENGAH', '08122531365', 2013, '', 'Muamalat', '5310070469', 'Lama', 120, 1, '2016-03-10 07:23:28'),
(40, '13.11.7368', 53021, 2, 'NANDA HONESTY PRATAMA', '1', '55201', 4, 6, '3.62', 'SUTANTO', 2, 3, 7440000, '', 0, '2016-01-01', '2016-12-31', 2016, '', 'RT 003 RW 006 DESA LARANGAN KECAMATAN LARANGAN KABUPATEN BREBES', '', 2013, 'NANDA HONESTY PRATAMA', ' Bank Muamalat Indonesia', '5310070502', 'Lama', 120, 1, '2016-03-10 07:33:04'),
(41, '13.11.7384', 53021, 2, 'EKA SAPUTRI', '2', '55201', 4, 6, '3.58', 'SAFRIADI', 3, 3, 6000000, '1. Sertifikat PPM tahun 2013 sebagai anggota\r\n2. Sertifkat SED tahun 2014\r\n3. Sertifikat ITC 2013 sebagai peserta\r\n4. Sertifikat Routing and Switching (CCNA 1)\r\n5. Sertifikat Pemilwa-Mubes Amikom sebagai panitia\r\n6. Sertifikat kepengurusan Shorinji Kempo Amikom sebagai bendahara 2\r\n7. Sertifikat Seminar Mikrotik sebagai peserta\r\n8. Sertifikat Kejurda DIY Shorinji kempo 2014, juara 2 embu beregu putri\r\n9. Sertifikat Kejurda DIY Shorinji kempo 2014, juara 3 randori putri', 0, '2016-01-01', '2016-12-31', 2016, '', 'Jl. H. Ibrahim.Perum mawar putih 2 blok A9', '085266424773', 2013, 'EKA SAPUTRI', ' Bank Muamalat Indonesia', '5370004504', 'Baru', 120, 1, '2016-03-10 07:48:21'),
(42, '15.22.1720', 53021, 1, 'Rega Cahya Gumilang', '1', '55201', 4, 2, '3.83', 'Hermawan Nugroho', 6, 3, 1750000, 'Juara 2 Lomba Web Design PIMA POSMA 2014\r\nIntruktur introduction to Computer 2013\r\nPanitia Introduction to Computer 2013\r\nPanitia Dialog Lembaga dan Mahasiswa 2013\r\nPanitia LDKMO 2015\r\nPeserta Forum Industri Konten Tekno Kreatif 2014\r\nPeserta Bedah Hardware 2013\r\nPeserta Seminar HTML 5 2013\r\nPeserta Upgrading Senat Mahasiswa dan Forum Senator Kelas 2013\r\nPeserta Lomba Web Design PIMA POSMA 2014\r\nPeserta Humanity Day 2013\r\nPeserta Techno Update 2012\r\nPeserta LDKMO 2012\r\nPeserta Workshop Introduction to Computer 2012\r\nPeserta Seminar Nasional Busuness Opportunities for Big Data dan Cloud Computing 2015\r\nPeserta Seminar Membangun Start Up bagi Mahasiswa 2014\r\nPeserta Seminar Game Technopreneur 2013\r\nPeserta Seminar Metodologi Penelitian dalam Bidang Teknologi Informasi 2015\r\nPeserta Stadium General Peran Ekonomi Kreatif dalam menghadap MEA 2015\r\nPeserta Seminar Merging the Real World and the VIrtual World, Computing Everywhere, the Internet of thing, 3D Printing 2015', 0, '2016-01-01', '2016-12-31', 2016, '', 'Nitikan UH 6 / 317 Yogyakarta', '085101435640', 2015, '', 'Muamalat', '5370003482', 'Baru', 126, 1, '2016-03-10 08:03:08'),
(43, '13.12.7626', 53021, 1, 'SHEA SEKAR PRATIWI', '2', '57201', 4, 6, '3.85', 'HASAN HARIRI', 3, 3, 2500000, 'ASISTEN PRAKTIKUM TERBAIK MATA KULIAH STATISTIKA 2014/2015, ASISTEN PRAKTIKUM PEMROGRAMAN TERSTRUKTUR 2014/2015, ASISTEN PRAKTIKUM PENGANTAR TEKNOLOGI 2014/2015, LINUX ESSENTIALS PROFESSIONAL DEVELOPMENT', 0, '2016-01-01', '2016-12-31', 2016, '', 'MADUSARI RT 02 RW 09 KEL. JARAKSARI KEC. WONOSOBO KAB. WONOSOBO', '085725902681', 2013, '', 'Muamalat', '5370004185', 'Lama', 120, 1, '2016-03-10 08:08:35'),
(44, '15.11.9215', 53021, 1, 'RESTU FAJRI IRAWAN', '1', '55201', 4, 2, '3.83', 'MUNAWIR', 3, 1, 1000000, 'SERTIFIKAT PESERTA PPM\r\nSERTIFIKAT PESERTA ITC\r\nSERTIFIKAT PESERTA SEMINAR WEB PRENEUR', 0, '2016-01-01', '2016-12-31', 2016, '', 'JALAN P. DINPONEGORO NOMOR 52 KEC. SALEM, KAB. BREBES.', '085201127510', 2015, '', 'Muamalat', '5370004625', 'Baru', 24, 1, '2016-03-10 08:38:58'),
(46, '13.12.7599', 53021, 1, 'RIZKIA UTAMI', '2', '57201', 4, 6, '3.78', 'SUFIADI', 3, 3, 3000000, '', 0, '2016-01-01', '2016-12-31', 2016, '', 'JL. BERINGIN 2 NO.10 RT 04 RW 04 PERUMAHAN BOJONG, PURBALINGGA', '081391533125', 2013, '', 'Muamalat', '5370003970', 'Baru', 120, 1, '2016-03-10 08:46:04'),
(48, '13.12.7226', 53021, 1, 'ADHIBYO JEWINASTI WIRANDHIKO', '1', '57201', 4, 6, '3.63', 'SUDJIMO', 2, 2, 3000000, '1. Sertifikat "Linux Professional Insitute 2015"\r\n2. Sertifikat "Introduction to Computer 2013"\r\n3. Sertifikat "Penggalian Potensi Mahasiswa (PPM) 2013"\r\n4. Sertifikat  "Serayu Adventure Indonesia 2015 : The Real Soul Of Adventure"\r\n5. Serifikat "CV. Kompas Adventure : Magelang Arum Jeram Elo River 2015"', 0, '2016-01-01', '2016-12-31', 2016, '', 'NGADIREJO RT 03/07,  KEL.MOJOSONGO, KEC.MOJOSONGO, KAB.BOYOLALI, JAWA TENGAH', '08154529663', 2013, '', 'Muamalat', '5390001888', 'Baru', 120, 1, '2016-03-10 08:49:37'),
(49, '13.12.7624', 53021, 2, 'Teguh Prasetyo', '1', '57201', 4, 6, '3.67', 'Madruri', 3, 2, 12000000, '', 0, '2016-01-01', '2016-12-31', 2016, '', 'Dusun Sidamulya, Desa Kertanegara Rt 03 Rw 02\r\nKecamatan Kertanegara Kabupaten Purbalingga, 53358', '085740004709', 2013, 'Teguh Prasetyo', ' Bank Muamalat Indonesia', '5380002179', 'Baru', 120, 1, '2016-03-10 09:04:01'),
(50, '14.12.7813', 53021, 1, 'ISTIKA RUSTIANDAYANI', '2', '57201', 4, 4, '3.61', 'MUJI', 2, 3, 1500000, '', 0, '2016-01-01', '2016-12-31', 2016, '', 'Pongangan RT 11 RW 06 Sentolo Sentolo Kulonprogo', '087882475811', 2014, '', 'Muamalat', '5350006854', 'Lama', 72, 1, '2016-03-10 09:22:23'),
(51, '13.11.7053', 53021, 1, 'M GUSTAFIANTO ARDI', '1', '55201', 4, 6, '3.93', 'Muhsin', 1, 3, 21028209, 'DAFTAR SERTIFIKAT\r\n\r\n1.	Sertifikat Seminar Nasional Teknologi Informasi dan Multimedia 2016, dengan judul “Sistem Pakar Mendiaknosa Penyakit Paru-Paru”\r\n2.	Sertifikat Seminar Nasional Teknologi Informasi dan Multimedia 2016, dengan judul “Sistem Pakar Mendiaknosa Penyakit Gangguan Mental Pada Anak Menggunakan Algoritma Bayes”\r\n3.	Sertifikat RAMADHAN DI KAMPUS AMIKOM, sebagai Sie Pubdekdok\r\n4.	Sertifikat CCNA Routing and Switching: Introduction to Networks\r\n5.	Sertifikat Indomaret Group\r\n6.	Sertifikat Panggilan Potensi Mahasiswa (PPM) 2013\r\n7.	Sertifikat Smart Expo Developer 2014\r\n\r\n', 7, '2016-01-01', '2016-12-31', 2016, '', 'Jl. Gelaran , Kutonyar, Kedu Temanggung', '085725912590', 2013, '', 'Muamalat', '5310071765', 'Lama', 120, 1, '2016-03-10 09:29:04'),
(52, '15.11.8683', 53021, 2, 'Dodo Purnomo', '1', '55201', 4, 2, '3.25', 'Parlanto', 5, 2, 6000000, 'Sertifikat PPM\r\nSertifikat Introduction To Computer\r\nSertifikat Linux For Everywhere\r\n', 0, '2016-01-01', '2016-12-31', 2016, '', 'Sendangrejo Rt 02 Rw 04, Tancep, Ngawen, Gunungkidul', '085643952820', 2015, 'DODO PURNOMO', ' Bank Muamalat Indonesia', '5390001889', 'Baru', 24, 1, '2016-03-10 09:29:32'),
(53, '14.11.8354', 53021, 1, 'Wisnu Bayu Wicaksono', '1', '55201', 4, 4, '3.61', 'Wiwik Peristijani', 6, 3, 3400000, '1. Sertifikat CCNA Routing and Switching : Introduction to Networks\r\n2. Sertifikat "Best Of Software - Alif OS" Smart Expo Developer 2015\r\n3. Sertifikat Peserta Smart Expo Developer 2015\r\n4. Sertifikat Peserta Penggalian Potensi Mahasiswa 2014\r\n5. Sertifikat Peserta Introduction To Computer 2014 : Basic of Information Technology', 0, '2016-01-01', '2016-12-31', 2016, '', 'JL. P.Sudirman no 89 RT.7/RW.2 Mejayan, Kec,Mejayan, Kab. Madiun', '085735356006', 2014, '', 'Muamalat', '5310073020', 'Baru', 72, 1, '2016-03-10 09:36:20'),
(54, '14.11.8329', 53021, 1, 'MOHAMMAD IQBAL AULA RAHMAN', '1', '55201', 4, 4, '3.75', 'MOHAMMAD SYAKIR', 1, 2, 5671616, '1. SertifikatCCNA Routing and Switching : Introduction to Networks\r\n2. Sertifikat Panitia Amikom Expo 2015 "Speiality Begins Here" \r\n3. Sertifikat Peserta Smart Expo Developer 2015 "Technology For Better Future"\r\n4. Sertifikat Panitia The Best Annual Multimedia Show 2015\r\n5. Sertifikat Peserta Bootcamp "Access Forbidden" Fossil\r\n6. Sertifikat Panitia Seminar Nasional "Ilusi Optik 3D Mapping"\r\n7. Sertifikat Peserta Seminar Fossil "Sudah Coba Dengan Open Source"\r\n8. Sertifikat Peserta Penggalian Potensi Mahasiswa 2014\r\n9. Sertifikat Peserta Indtoduction To Computer 2014 : Basic of Information Technology', 0, '2016-01-01', '2016-12-31', 2016, '', 'Desa Sulang RT:03 / RW : 07  Kecamatan Sulang Kabupaten Rembang Provinsi Jawa Tengah', '081326302285', 2014, '', 'Muamalat', '5050004358', 'Lama', 72, 1, '2016-03-10 09:40:12'),
(55, '14.11.8326', 53021, 1, 'LUTFI RIO RENALDI', '1', '55201', 4, 4, '3.61', 'SUTARDI ', 1, 4, 6565790, '1. PIAGAM PENGHARGAAN JUARA I BEREGU PUTRA CABANG OLAHRAGA BRIDGE PORWIL DULONGMAS KE III TINGKAT KOTA / KABUPATEN SE DULONGMAS\r\n2. PIAGAM PENGHARGAAN JUARA II BEREGU CAMPURAN CABANG OLAHRAGA BRIDGE PORWIL DULONGMAS KE III TINGKAT KOTA / KABUPATEN SE DULONGMAS\r\n3. SERTIFIKAT BEST OF SOFTWARE - ALIF OS - SMART EXPO DEVELOPER 2015\r\n4. SERTIFIKAT CCNA ROUTING AND SWITCHING : INTRODUCTION TO NETWORKS\r\n5. SERTIFIKAT PESERTA SMART EXPO DEVELOPER 2015\r\n6. SERTIFIKAT PESERTA PENGGALIAN POTENSI MAHASISWA 2014\r\n7. SERTIFIKAT PESERTA INTRODUCTION TO COMPUTER 2014 : BASIC OF INFORMATION TECHNOLOGY ', 0, '2016-01-01', '2016-12-31', 2016, '', 'JL.JERUK BARAT I NO.10, RT.04/09, SANDEN, KEL.KRAMAT SELATAN, KEC.MAGELANG UTARA, KOTA MAGELANG, PROV.JAWA TENGAH', '081328127667', 2014, '', 'Muamalat', '5310073019', 'Baru', 72, 1, '2016-03-10 09:40:26'),
(56, '13.11.7096', 53021, 1, 'ADE PUJIANTO', '1', '55201', 4, 6, '3.98', 'NURSIDIN HARYANTO', 2, 6, 6000000, '1. Pemakalah Seminar Nasional Teknologi Informasi dan Multimedia 2016 ( Sistem Pakar Untuk Mendiagnosa Penyakit Gangguan Mental Pada Anak Menggunakan Algoritma Bayes )\r\n2. Pemakalah Seminar Nasional Teknologi Informasi dan Multimedia 2016 ( Sistem Pakar Mendiagnosa Penyakit Paru-Paru )\r\n3. Peserta Pemakalah Seminar Nasional Teknologi Informasi dan Multimedia 2016\r\n4. Asisten Praktikum Sistem Operasi STMIK Amikom Yogyakarta 2014/2015\r\n5. Asisten Praktikum Pemprograman STMIK Amikom Yogyakarta 2014/2015\r\n6. Panitia anggota Perlengkapan Seminar Nasional “ Internet of Things 2015 “\r\n7. Anggota Keilmuan BSO FOSSIL STMIK Amikom Yogyakarta\r\n8. Anggota Dana dan Usaha UKI JASHTIS STMIK Amikom Yogyakarta\r\n9. Peserta seminar “Generasi Muda Jogja – Generasi Siap Digital” 2015\r\n10. Panitia Sie Acara “Ramadan di Kampus Amikom 1436 H” 2015\r\n11. Panitia sie KSK Bootcamp “Acces forbiden” FOSSIL 2015\r\n12. Panitia sie PDD Seminar “Sudah Coba dengan Open Source”\r\n13. Panitia Seminar “Hacking and Security Analisys”\r\n14. Panitia seminar Nasional “Indonesia Goes To Nuclear Power Plan and IT For Live” 2015\r\n15. Peserta Workshop “From Student To Be A Proudness Propesional” 2014\r\n16. Peserta seminar “IT-preneur bersama Gamatechno” 2015\r\n17. Peserta seminar “Asus Wireless Seminary Smart Home Wireless Networking” 2014\r\n18. Cisco Network Academy “CCNA 1”\r\n19. Cisco Network Academy “CCNA 2”\r\n20. Peserta workshop “Information Technology As The Key of Future”\r\n21. Peserta Jambore Mahasiswa Muslim Amikom 2014\r\n22. Peserta Smart Expo Developer 2014\r\n23. Peserta Penggalian Potensi Mahasiswa STMIK Amikom Yogyakarta 2013', 23, '2016-01-01', '2016-12-31', 2016, '', 'JL. PORONG NO. 05 KEBONDALEM PEMALANG JAWA TENGAH', '088216131178', 2013, '', 'Muamalat', '2080000102', 'Lama', 120, 1, '2016-03-10 09:55:13'),
(57, '13.11.7357', 53021, 2, 'MUHAMMAD KHOLIL AZIZ ASHARI', '1', '55201', 4, 6, '3.75', 'ENNY PUDJIASTUTI', 2, 1, 8280000, 'NOMINATOR AMICTA, ASISTEN TERFAVORIT', 0, '2016-01-01', '2016-12-31', 2016, '', 'JALAN SISWA NO. 12 B RT 1 RW 7 RENDENG, KUDUS 59311', '081390966959', 2013, 'MUHAMMAD KHOLIL AZIZ ASHARI', ' Bank Muamalat Indonesia', '5370003874', 'Lama', 120, 1, '2016-03-10 10:12:28'),
(58, '14.11.7883', 53021, 1, 'SYAHRUL NURFIANTO', '1', '55201', 4, 4, '3.75', 'NGISA', 3, 3, 4500000, '', 0, '2016-01-01', '2016-12-31', 2016, '', 'KAUMAN RT 01/RW 01, KRAGAN, GONDANGREJO, KARANGANYAR', '081338791435', 2014, '', 'Muamalat', '5380002450', 'Baru', 72, 1, '2016-03-10 10:28:35'),
(59, '14.02.8886', 53021, 2, 'IIS SETIYANI', '2', '57401', 3, 4, '3.75', 'KARYO', 5, 3, 8100000, '', 0, '2016-01-01', '2016-12-31', 2016, '', 'pamulihan, RT/RW 05/05 Kec. Larangan Kab. Brebes Jawa Tengah', '085713515443', 2014, 'IIS SETIANI', ' Bank Muamalat Indonesia', '5670001922', 'Lama', 72, 1, '2016-03-10 10:38:19'),
(60, '14.01.3443', 53021, 1, 'Indah Tri Mainawati', '2', '55401', 3, 4, '3.83', 'S. Suranto', 6, 2, 1500000, 'Best Of Advertisement oleh KOMA, CCNA 1, CCNA 2', 0, '2016-01-01', '2016-12-31', 2016, '', 'Rt 001 Rw 004 Ampel, Karangsari, Kebumen\r\nNo 47', '087837873515', 2014, '', 'Muamalat', '5380002455', 'Baru', 72, 1, '2016-03-11 02:40:27'),
(61, '13.11.6959', 53021, 1, 'RAMADHAN ASH-SHIDIQ', '1', '55201', 4, 6, '3.82', 'AGUS MARTONO', 1, 3, 5038771, 'Pengurus Himpunan', 0, '2016-01-01', '2016-12-31', 2016, '', 'Dusun 1 Desa Jamburejo Kecamatan Sumberharta Kabupaten Musi Rawas, Sumatera Selatan', '081377622290', 2013, '', 'Muamalat', '5350006282', 'Lama', 120, 1, '2016-03-11 02:50:42'),
(62, '14.11.8000', 53021, 1, 'PURNAWIRADIN', '1', '55201', 4, 4, '3.83', 'SITI HABIBAH H.MUSTAMIN', 1, 2, 5005346, '1. International Seminar "How to Become an IT ENTREPRENEUR "2015\r\n2. CCNA ROUTING AND SWITCHING"INTRODUCING TO NETWORK" 2015\r\n3. Peran Ekonomi Ktreatif dalam menghadapi MEA Oleh Wakil Menteri Luar Negeri Republik Indonesia\r\n4. KOMPAS KAMPUS TV DI GSP UGM 2015\r\n5. KOMPAS KAMPUS TV DI GSP UGM 2016\r\n6. NUTRISI JIWA MUDA MENJADI MAHASISWA SMART OLEH KOPMA UIN SUNAN KALIJAGA 2015\r\n7. METODOLOGI PENELITIAN DALAM BIDANG TEKNOLOGI INFORMASI 2015\r\n8. SERTIFIKAT PPM 2014\r\n9. INTRODUCE TO COMPUTER 2014\r\n10. SEMINAR ANTI NARKOBA OLEH GANA, DINAS PENDIDIKAN, PEMUDA DAN OLAHRAGA DIY\r\n11. CERTIFATE OF COMPLETION THE HOUR OF CODE 2015', 0, '2016-01-01', '2016-12-31', 2016, '', 'Jalan Lintas Sarita, Wadukopa RT01 RW01 Soromandi Kabupaten Bima Provinsi NUSA TENGGARA BARAT', '085338339025', 2014, '', 'Muamalat', '5370004336', 'Lama', 72, 1, '2016-03-11 03:02:04'),
(63, '15.21.0886', 53021, 2, 'Esti Fitriana', '2', '55201', 4, 2, '3.14', 'Tugina', 5, 6, 8400000, '', 0, '2016-01-01', '2016-12-31', 2016, '', 'Malangsari, Kendalsari, Kemalang, Klaten', '081915244380', 2015, 'Esti Fitriana', ' Bank Muamalat Indonesia', '5380002458', 'Baru', 102, 1, '2016-03-11 03:11:57'),
(64, '13.11.7017', 53021, 1, 'Debby Arum Widyastuti', '2', '55201', 4, 6, '3.68', 'Subagiono', 4, 1, 5115600, 'Sebagai Pemakalah Semnas Teknomedia STMIK Amikom 2016\r\nSebagai peserta seminar METOPEN oleh STMIK Amikom 2015\r\nSebagai asisten praktikum mata kuliah multimedia STMIK Amikom 2015/2016\r\nSebagai asisten praktikum mata kuliah Komputer grafis STMIK Amikom 2015/2016\r\nsebagai asisten terbaik mata kuliah Komputer Grafis STMIK Amikom 2015/2016\r\nsebagai panitia seminar nasional Network Attached Storage HMJTI 2014\r\nsebagai panitia seminar nasional Internet Of Things HMJTI 2015\r\nsebagai peserta seminar Multimedia oleh KOMA 2015', 0, '2016-01-01', '2016-12-31', 2016, '', 'Pakel RT 025 RW 007 Pringombo Rongkop Gunungkidul', '081326359990', 2013, '', 'Muamalat', '5610000940', 'Baru', 120, 1, '2016-03-11 03:38:48'),
(65, '13.11.6939', 53021, 2, 'MOHAMMAD TAUFIK HIDAYATULLOH', '1', '55201', 4, 6, '3.28', 'DARSIM', 6, 2, 6000000, 'Pantia seminar WPAP "COLORING OF ART"\r\nPESERTA PPM\r\nPESERTA SED (SMART EXPO DEVELOPMENT)\r\nPESERTA SEMNAS ANIMASI "ANIMASI DALAM INDUSTRI KREATIF"\r\nPANITIA TEBAS (The Best Annual Multimedia Show) 2014\r\nPESERTA SEMNAS "ILUSI 3D OPTIK MAPPING"\r\nSEMINAR MULTIMEDIA "MENGGALI IDE & KONSEP UNTUK PERSIAPAN DINI MEYUSUN TA/SKRIPSI"\r\nPANTIA TEBAS  (The Best Annual Multimedia Sho)2015', 0, '2016-01-01', '2016-12-31', 2016, '', 'JL Joharnurahdi 5 Kotabaru Yogyakarta\r\n', '081328840228', 2013, 'MOHAMMAD TAUFIK HIDAYATULLOH', ' Bank Muamalat Indonesia', '5350006279', 'Lama', 120, 1, '2016-03-11 03:55:53'),
(66, '14.12.8091', 53021, 1, 'DENDI ISMI SOFIAN', '1', '57201', 4, 4, '3.86', 'SAMSUDDIN', 1, 3, 4628665, '1. Sertifikat Profesional Institute sebagai tanda telah menyelesaikan "the Linux Essential Course" di Cisco Networking Academy. Tanggal sertifikat : 11 Februari 2016.\r\n2. Sertifikat Cisco sebagai tanda telah menyelesaikan "the IT Essential" sebagai bagian dari the Cisco Networking Academy program. Tanggal sertifikat : 2 Juli 2015.\r\n3. Sertifikat KOMAWARD sebagai "Best of WPAP". Tanggal sertifikat : 26 mei 2016.\r\n4. Sertifikat seminar nasional "Ilusi Optik 3D Mapping" sebagai koordinator sie. Acara yang dilaksanakan oleh Komunitas Multimedia Amikom. Tanggal sertifikat : 14 Maret 2015.\r\n5. Sertifikat Penggalian Potensi Mahasiswa (PPM) STMIK Amikom Yogyakarta sebagai peserta. Tanggal sertifikat : 4 September 2014.\r\n6. Sertifikat IT Essential sebagai bukti telah menyelesaikan Cisco Netwokring Academy. Tanggal sertifikat : 29 Juni 2015.\r\n7. Sertifikat ITC sebagai partisipan di workshop yang bertemakan "Introduction To Computer 2014 : Basic of Information Technology" di laboratorium STMIK Amikom Yogyakarta. Tanggal sertifikat : 28 Agustus 2014.', 0, '2016-01-01', '2016-12-31', 2016, '', 'GANG SIRIH 3 RT.01 TW.05 KELURAHAN LEMPEH,SUMBAWA BESAR,NTB', '081917166967', 2014, '', 'Muamalat', '5350006872', 'Lama', 72, 1, '2016-03-11 03:57:07'),
(67, '15.02.8943', 53021, 2, 'RIDHOTUL LUTFIYAH', '2', '57401', 3, 2, '3.42', 'HUDI SANTOSO', 3, 3, 9360000, 'SERTIFIKAT SEMINAR WEBPRENEUR\r\nSERTIFIKAT PPM(PENGGALIAN POTENSI MAHASISWA)', 0, '2016-01-01', '2016-12-31', 2016, '', 'RT03 RW07 SOBAYAN PEDAN KLATEN', '081804206581', 2015, 'RIDHOTUL LUTFIYAH', ' Bank Muamalat Indonesia', '5350007385', 'Baru', 24, 1, '2016-03-11 04:04:11'),
(68, '15.02.8961', 53021, 2, 'ERMA AETYANINGSIH', '2', '57401', 3, 2, '3.67', 'PARNI', 3, 3, 24000000, 'SERTIFIKAT ITC\r\nSERTIFIKAT PPM\r\nSERTIFIKAT MICROSOFT VIRTUAL ACADEMY', 0, '2016-01-01', '2016-12-31', 2016, '', 'KALIMANGIR RT02 RW11, WATUBONANG, TAWANGSARI, SUKOHARJO, JAWA TENGGAH', '081903708493', 2015, 'ERMA SETYANINGSIH', ' Bank Muamalat Indonesia', '5350007370', 'Baru', 24, 1, '2016-03-11 04:06:20'),
(69, '14.11.8277', 53021, 1, 'Dhana Aulia Ayu Kurniawan', '2', '55201', 4, 4, '3.83', 'Doddy Kurniawan', 2, 2, 6500000, '1. Student CCNA Routing and Switching Intoduction Networks\r\n2. Staff BEM Amikom 2014/2015\r\n3. Panitia DLM 2015 TIM ASPIRASI\r\n4. Panitia Talkshow Be A High Quality Women\r\n5. Peserta SED 2015\r\n6. Peserta Seminar Nasional "Indonesia Goes To Nuclear Power and IT For Life"\r\n7. Peserta ITC 2014\r\n8. Peserta PPM 2014', 0, '2016-01-01', '2016-12-31', 2016, '', 'Jln Danau Bratan II G4G-8 Sawojajar Kedungkandang Malang Jawa Timur', '082301686949', 2014, '', 'Muamalat', '5320006975', 'Baru', 72, 1, '2016-03-11 04:18:46'),
(70, '15.02.9113', 53021, 1, 'DESI ARDIYANTI', '2', '57401', 3, 2, '3.67', 'MUKSINUN', 3, 2, 1500000, '', 0, '2016-01-01', '2016-12-31', 2016, '', 'Jogopaten, Rt03 Rw04, Buluspesantren, Kebumen, Jawa tengah.', '083862200379', 2015, '', 'Muamalat', '5310073027', 'Baru', 24, 1, '2016-03-11 04:18:56'),
(71, '15.02.8948', 53021, 2, 'AGUSTIN DWI CAHYANI', '2', '57401', 3, 2, '0.00', 'JIMAN', 6, 3, 12000000, '1. Microsoft Virtual Academy\r\n2. Introduction To Computer\r\n3. Penggalihan Potensi Academy (PPM) tanggal 8-10 September 2015', 0, '2016-01-01', '2016-12-31', 2016, '', 'DUKUH RT 01 RW 06 KEDUNGAN PEDAN KLATEN JAWA TENGAH', '085743452102', 2015, 'AGUSTIN DWI CAHYANI', ' Bank Muamalat Indonesia', '5350007369', 'Baru', 24, 1, '2016-03-11 04:18:58'),
(72, '14.02.8776', 53021, 1, 'CENDANA PUSPITASARI', '2', '57401', 3, 4, '3.94', 'AGUS SUPRIYANTO', 5, 6, 6000000, '', 0, '2016-01-01', '2016-12-31', 2016, '', 'RT 01/07 GONDANG, PURWANTORO, WONOGIRI, JAWA TENGAH', '082324955007', 2014, 'CENDANA PUSPITASARI', ' Bank Muamalat Indonesia', '5350006852', 'Lama', 72, 1, '2016-03-11 04:25:54'),
(73, '14.02.8732', 53021, 1, 'MURNIASIH', '2', '57401', 3, 4, '3.81', 'MARDIWIYONO', 5, 4, 500000, '', 0, '2016-01-01', '2016-12-31', 2016, '', 'RT.06 RW. 21 SEJATI DESA SUMBERARUM MOYUDAN SLEMAN YOGYAKARTA', '085743440048', 2014, '', 'Muamalat', '5390001872', 'Baru', 72, 1, '2016-03-11 04:27:01'),
(74, '14.02.8752', 53021, 2, 'Hastaka Juan Perdana Putra', '1', '57401', 3, 4, '3.56', 'SUKIRMAN', 6, 2, 14400000, '', 0, '2016-01-01', '2016-12-31', 2016, '', 'Semangkak, Klaten Tengah Klaten', '085772185129', 2014, 'HASTAKA JUAN PERDANA PUTRA', ' Bank Muamalat Indonesia', '5260006092', 'Baru', 72, 1, '2016-03-11 04:27:44'),
(75, '13.11.7542', 53021, 2, 'KURNIAWAN ADITYA', '1', '55201', 4, 6, '3.42', 'DIDIK ANDRIYANTO', 2, 4, 18000000, '', 0, '2016-01-01', '2016-12-31', 2016, '', 'REJODANI RT:014 RW:005 KARANGPAKEL TRUCUK KLATEN', '085743108642', 2013, 'KURNIAWAN ADITYA', ' Bank Muamalat Indonesia', '5260006108', 'Baru', 106, 1, '2016-03-11 04:30:49'),
(76, '13.11.7544', 53021, 1, 'SYARIF HIDAYATULLAH', '1', '55201', 4, 6, '3.62', 'MUHTAR', 1, 2, 4050000, '', 0, '2016-01-01', '2016-12-31', 2016, '', 'KETANDAN RT 02 KAUMAN GILANGHARJO PANDAK BANTUL', '081578192650', 2013, '', 'Muamalat', '5370004527', 'Baru', 120, 1, '2016-03-11 04:31:58'),
(77, '14.01.3324', 53021, 1, 'Alfian Chesani', '1', '55401', 3, 4, '3.47', 'Slamet Raharjo', 3, 4, 2000000, 'PPM,Microsoft Digital Literacy,ITC,SED,Cisco CCNA 1,Cisco CCNA 2', 0, '2016-01-01', '2016-12-31', 2016, '', 'Jl. Cendrawasih no 21 Demangan baru, Catur tunggal, Depok sleman, Yogyakarta', '081904083789', 2014, '', 'Muamalat', '5380002436', 'Baru', 72, 1, '2016-03-11 04:33:12'),
(78, '13.11.7547', 53021, 2, 'DWI PRASETYO', '1', '55201', 4, 6, '3.17', 'PUJIMIN', 6, 4, 9600000, '', 0, '2016-01-01', '2016-12-31', 2016, '', 'KEDUNGSONO RT;01 RW;06 KELIRAHAN KEPATIHAN KECAMATAN SELOGIRI KABUPATEN WONOGIRI', '085296720109', 2013, 'DWI PRASETYO', ' Bank Muamalat Indonesia', '5240004208', 'Baru', 120, 1, '2016-03-11 04:33:50'),
(79, '12.12.6754', 53021, 2, 'SEPTI WIJAYANTI', '2', '57201', 4, 8, '3.74', 'SUTOJOYO', 3, 3, 0, '1. PESERTA KEGIATAN PPM 2012 \r\n2. PESERTA WORKSHOP ITC 2012\r\n3. PEMANDU PPM 2013\r\n4. SIE KONSUMSI PPM 2014', 0, '2016-01-01', '2016-12-31', 2016, '', 'JL. LAP. KANOMAN RT 04 RW 05 KERTOSARI KASEPUHAN BATANG', '087830685045', 2012, 'SEPTI WIJAYANTI', ' Bank Muamalat Indonesia', '5370003898', 'Lama', 138, 1, '2016-03-11 04:37:45'),
(80, '15.11.8550', 53021, 1, 'AMAZONE WISNU MAHENDRA', '1', '55201', 4, 2, '3.00', 'EDI MULYANTO', 6, 3, 1250000, '', 0, '2016-01-01', '2016-12-31', 2016, '', 'NGEPRINGAN RT 17/07 SERENAN JUWIRING KLATEN', '087736200869', 2015, '', 'Muamalat', '5310072968', 'Baru', 24, 1, '2016-03-11 04:38:49'),
(81, '13.11.6981', 53021, 2, 'Andriyani', '2', '55201', 4, 6, '3.68', 'Rujinem', 5, 3, 5400000, 'sebagai peserta Cisco CCNA tahun 2015\r\nsebagai peserta Cisco CCNA : Introduction to Network tahun 2015\r\nsebagai peserta workshop Introduction to Computer tahun 2013\r\nsebagai peserta Seminar Nasional Network Attached Storage tahun 2014', 0, '2016-01-01', '2016-12-31', 2016, '', 'Rt 01, Rw 08, Macanan, Bligo, Ngluwar, Magelang', '083867032654', 2013, 'Andriyani', ' Bank Muamalat Indonesia', '5370003810', 'Lama', 120, 1, '2016-03-11 04:39:22'),
(82, '15.11.8501', 53021, 1, 'BELLY DWI AGUSTIAN', '1', '55201', 4, 2, '3.92', 'NURFAIZIN', 6, 2, 3000000, '', 0, '2016-01-01', '2016-12-31', 2016, '', 'Sidamulih RT 004/003 Rawalo Purwokerto Banyumas', '081372786409', 2015, '', 'Muamalat', '5310072969', 'Baru', 24, 1, '2016-03-11 04:42:29'),
(83, '14.11.8036', 53021, 1, 'AHMAD ADZAN AZARI', '1', '55201', 4, 4, '3.64', 'SAMIDI', 1, 2, 3657480, '1. CISCO NETWORKING ACADEMY "CCNA ROUTING AND SWITCHING : INTRODUCTION TO NETWORKS"\r\n2. MICROSOFT VIRTUAL ACADEMY "HAS COMPLETED THE CONTENTS OF COURSE COLLABORATE USING POWERPOINT ONLINE"\r\n3. Micosoft Virtual Academy " Developing Universal Windows Apps with C# dan XAML"\r\n4. Sertifikat " Seminar Anti Narkoba dan HIV-AIDS"\r\n5. Sertifikat "Seminar Microcontroler For Developer"\r\n6. Certificate " The Hour Of Code"\r\n7. Sertifikat " Penggalian Potensi Mahasiswa"\r\n8. Sertifikat " Microsoft Digital Literacy"', 0, '2016-01-01', '2016-12-31', 2016, '', 'KACANGAN RT.02 RW.08, TAWANGSARI, KERJO, KARANGANYAR', '085728161523', 2014, '', 'Muamalat', '5370004623', 'Baru', 72, 1, '2016-03-11 04:43:17'),
(84, '14.11.7814', 53021, 1, 'YANSUMA PUTRA PAMUNGKAS', '1', '55201', 4, 4, '3.64', 'BARYANA, SKM', 1, 1, 5432015, 'Sebagai peserta AMICTA-AMIKOM IV 2015\r\nSebagai peserta SED 2015\r\nSebagai peserta CCNA Routing and Switching: Introduction to Networks', 0, '2016-01-01', '2016-12-31', 2016, '', 'Jalan Masjid Nomor 5k, Purwokinanti, Pakualaman, Yogyakarta. 55112', '081804118791', 2014, '', 'Muamalat', '5320006978', 'Baru', 72, 1, '2016-03-11 04:44:08'),
(85, '14.12.7891', 53021, 2, 'Andhy Pradipta', '1', '57201', 4, 4, '3.28', 'SITI MURYANI', 5, 1, 900000, '', 0, '2016-01-01', '2016-12-31', 2016, '', 'Kuwaru, Poncosari, Srandakan, Bantul', '087806969789', 2014, '', 'Muamalat', '5350007395', 'Baru', 72, 1, '2016-03-11 04:50:18'),
(86, '14.11.8136', 53021, 1, 'NUR ROSID SYAIFUDIN', '1', '55201', 4, 4, '3.81', 'SUGIYO', 6, 2, 1200000, '1.Sertifikat peserta seminar overclocking\r\n2.Sertifikat peserta Bootcamp "access forbidden"Fosil\r\n3.Sertifikat peserta PPM\r\n4.Sertifikat peserta ITC\r\n5.Sertifikat peserta CCNA 1\r\n6.Sertifikat peserta sharing sessio 2 "learn crud inside web portal AMCC"\r\n7.Piagam penghargaan atas partisipasi menyumbang logo dan tagline dalam rangka rebranding DIY\r\n8.Sertifikat peserta seminar Workshop "what A BoyNeed To Be Profesional"', 0, '2016-01-01', '2016-12-31', 2016, '', 'Sekarjati, Rt 01/03, kec.Karananyar ,Kab.Ngawi,Jawa Timur', '081239333344', 2014, '', 'Muamalat', '5310073007', 'Baru', 72, 1, '2016-03-11 04:51:16');
INSERT INTO `data_mahasiswa` (`mahasiswa_no_urut`, `mahasiswa_npm`, `mahasiswa_kdpti`, `mahasiswa_beasiswa`, `mahasiswa_nama`, `mahasiswa_jk`, `mahasiswa_kode_prodi`, `mahasiswa_jenjang`, `mahasiswa_smt`, `mahasiswa_ipk`, `mahasiswa_nama_ortu`, `mahasiswa_pekerjaan`, `mahasiswa_jml_tanggungan`, `mahasiswa_penghasilan`, `mahasiswa_prestasi`, `mahasiswa_n_prestasi`, `mahasiswa_mulai_bulan`, `mahasiswa_selesai_bulan`, `mahasiswa_tahun`, `mahasiswa_keterangan`, `mahasiswa_alamat`, `mahasiswa_telepon`, `mahasiswa_tahun_masuk`, `mahasiswa_nama_mhs_direkening`, `mahasiswa_nama_bank`, `mahasiswa_no_rekening`, `mahasiswa_status`, `mahasiswa_sks`, `mdb`, `mdd`) VALUES
(87, '14.11.8122', 53021, 1, 'SUMBOGO WISNU PAMUNGKAS', '1', '55201', 4, 4, '3.64', 'SAMIJA', 1, 3, 3720896, '1. SERTIFIKAT CCNA 1 (CCNA ROUTING AND SWICTHING : INTRODUCIMG TO NETWORK)\r\n2. SERTIFIKAT ITC (INTRODUCTION TO COMPUTER 2014)\r\n3. SERTIFIKAT PESERTA PPM ( PENGGALIAN POTENSI MAHASISWA)\r\n4. SERTIFIKAT PESRTA SEMINAR LINUX FOR EVERYWERE\r\n5. SERTIFIKAT PESERTA BOOTCAMP "ACCESS FORBIDDEN" FOSIL', 0, '2016-01-01', '2016-12-31', 2016, '', 'DUSUN GAYAM RT 01 RW 06 KALIWINING Kec. RAMBIPUJI Kab.JEMBER Prov. JAWA TIMUR', '081803587523', 2014, '', 'Muamalat', '5310073008', 'Baru', 72, 1, '2016-03-11 04:53:04'),
(88, '14.11.8024', 53021, 2, 'MARTIN FIRMANSYAH', '1', '55201', 4, 4, '3.64', 'YUDIARTO', 5, 2, 6000000, 'Sertifikat Pengggalian Potensi Mahasiswa(PPM) di STMIK AMIKOM Yogyakarta\r\nCCNA Routng and Switching : Introduction To Network\r\nPeserta Seminar Anti Narkoba dan HIV-AIDS di STMIK AMIKOM Yogyakarta', 0, '2016-01-01', '2016-12-31', 2016, '', 'DAWUHAN RT 01 RW 04 ,KECAMATAN PADAMARA, KABUPATEN PURBALINGGA', '085740815356', 2014, 'MARTIN FIRMANSYAH', ' Bank Muamalat Indonesia', '5310071733', 'Baru', 72, 1, '2016-03-11 04:53:22'),
(89, '14.02.8693', 53021, 1, 'IGA MAWARNI', '2', '57401', 3, 4, '3.75', 'KARNO', 5, 4, 600000, '1. SERTIFIKAT ASISTEN PRAKTIKUM KULIAH PAKET PROGRAM APLIKASI \r\n2. SERTIFIKAT LINUX PROFESIONAL INSTITUTE', 0, '2016-01-01', '2016-12-31', 2016, '', 'PACING KIDUL RT 01/ RW 23, PACAREJO, SEMANU, GUNUNGKIDUL, YOGYAKARTA', '087738809434', 2014, '', 'Muamalat', '5310071769', 'Lama', 72, 1, '2016-03-11 04:55:57'),
(90, '14.02.8675', 53021, 2, 'Zenny Dwi Putri R.N', '2', '57401', 3, 4, '3.42', 'Ari Wahyunti', 2, 3, 9600000, 'Sertifikat PPM sebagai peserta\r\nSertifikat PPM sebagai anggota P3K\r\nSertifikat Professional Instute \r\nSertifikat pelatihan TA dan Skripsi', 0, '2016-01-01', '2016-12-31', 2016, '', 'Piyungan rt 9, Srimartani, Piyungan, Bantul', '081227567445', 2014, 'Zenny Dwi Putri Rahayu Ningrum', ' Bank Muamalat Indonesia', '5380002168', 'Lama', 72, 1, '2016-03-11 04:57:52'),
(92, '14.11.8053', 53021, 1, 'ERLITA MAHARANI SUKMA CAHYA NINGRUM', '2', '55201', 4, 4, '3.56', 'SAMAN HUDI YATMOKO', 3, 4, 8000000, 'DAFTAR SERTIFIKAT\r\n1. CISCO "CCNA Routing And Switching : introduction to network\r\n2. SERTIFIKAT MULTIMEDIA\r\n3. Sertifikat Penggalian Potensi Mahasiswa (PPM)\r\n4. Sertifikat Intoduction to Computer (ITC)', 0, '2016-01-01', '2016-12-31', 2016, '', 'Atang Pait RT 01/ RW 01 Kecamatan Long Ikis , Kabupaten Paser Kalimantan Timur', '081253785887', 2014, '', 'Muamalat', '5310071834', 'Lama', 72, 1, '2016-03-11 05:02:47'),
(93, '14.11.8364', 53021, 2, 'MEDITA ANGGUN KENCANA', '2', '55201', 4, 4, '3.42', 'SRI MEGAWATI', 3, 3, 6000000, 'Sertifikat PPM\r\nSertifikat "Built Awesome & Fast Web Using AngularJs"\r\nSertifikat CISCO Networking Academy : Introduction to Network\r\nSertifikat ITC', 0, '2016-01-01', '2016-12-31', 2016, '', 'Jln. Pramuka, Asrama Korem 171/PVT Sorong, Papua Barat', '081247358000', 2014, 'MEDITA ANGGUN KENCANA', ' Bank Muamalat Indonesia', '5380002468', 'Baru', 72, 1, '2016-03-11 05:02:52'),
(94, '15.12.8892', 53021, 1, 'Muhammad Resa Arif Yudianto', '1', '57201', 4, 2, '4.00', 'Sugiyana', 6, 1, 1200000, '', 0, '2016-01-01', '2016-12-31', 2016, '', 'Kepuh RT.04, RW.23, Gondanglegi, Wedomartani, Ngemplak, Sleman, Yogyakarta', '085228142425', 2015, '', 'Muamalat', '5380002475', 'Baru', 24, 1, '2016-03-11 05:03:13'),
(95, '14.12.7855', 53021, 1, 'Imam Muhajirin', '1', '57201', 4, 4, '3.81', 'Sairoh ', 6, 1, 1500000, '1. Linux Essensial Course in the Cisco Academy Networking Academy.\r\n2. "Merging the Real World and The Virtual World : Computing Everywhere, Internet of Things, 3D printing".\r\n3. Penggalian Potensi Mahasiswa (PPM) di STMIK AMIKOM Yogyakarta tanggal 1-3 Seprtember 2014\r\n4. "Introduction To Computer 2014 : Basic Of Information Technology " at Laboratorium STMIK AMIKOM.', 0, '2016-01-01', '2016-12-31', 2016, '', 'Dusun Sukajaya , RT/RW  007/004,\r\nKel. Sukaraja, Kecamatan Singkup\r\nKab.Ketapang, Provinsi Kalimantan Barat', '085650808671', 2014, '', 'Muamalat', '5380002470', 'Baru', 72, 1, '2016-03-11 05:04:09'),
(96, '15.11.9275', 53021, 1, 'STEPHEN LAMBOK MARBUN', '1', '55201', 4, 2, '3.83', 'IR. ROBINSON', 1, 4, 6833197, '1. SERTIFIKAT INTRODUCTION TO COMPUTER (ITC) 2015\r\n2. SERTIFIKAT PENGGALIAN POTENSI MAHASISWA (PPM) 2015', 0, '2016-01-01', '2016-12-31', 2016, '', 'JL YC OEVANG OERAY RT 012 RW 002 DESA BANING KOTA, KECAMATAN SINTANG, KALIMANTAN BARAT', '085245776261', 2015, '', 'Muamalat', '5310072978', 'Baru', 24, 1, '2016-03-11 05:04:57'),
(97, '14.11.8014', 53021, 1, 'Dwiki Cahyo Yudiantoro', '1', '55201', 4, 4, '3.56', 'Ir.Iwan Budiantoro', 2, 3, 5000000, '1.PPA 2014 sebagai peserta\r\n2.ITC 2014 sebagai peserta\r\n3.CCNA Routing and Switching : Introduction to Network', 0, '2016-01-01', '2016-12-31', 2016, '', 'Jl.RE.Martadinata Gg.Pala 1 Nomor 42', '081345228607', 2014, '', 'Muamalat', '5310072975', 'Baru', 72, 1, '2016-03-11 05:06:41'),
(98, '14.11.7994', 53021, 1, 'Ardanila Putri', '2', '55201', 4, 4, '3.69', 'Trisilo', 6, 1, 1500000, '1. Sertifikat Introduction To Computer (ITC) 2014\r\n2. Sertifikat Penggalian Potensi Mahasiswa (PPM) 2014\r\n3.Sertifikat CCNA   Routing and Switching\r\n4.Sertifikat Microsoft Digital Literacy', 0, '2016-01-01', '2016-12-31', 2016, '', 'Puluhan, Puluhan Jatinom Klaten\r\nRt.15 Rw.05', '082322751807', 2014, '', 'Muamalat', '5310072973', 'Baru', 72, 1, '2016-03-11 05:13:39'),
(99, '15.01.3482', 53021, 1, 'DIKIH ARIF WIBOWO', '1', '55401', 3, 2, '3.92', 'MARWOTO', 6, 3, 1500000, '1. Sertifikat workshop "Build Awesome Apps on Universal Windows Platform"\r\n2. Sertifikat seminar "Personal Branding In Digital Society - How To Market Yourself"\r\n3. Sertifikat kegiatan Penggalian Potensi Mahasiswa (PPM)\r\n4. Sertifikat Workshop Introduction To Computer 2015\r\n5. Sertifikat seminar Webpreneur "Dapatkan penghasilan CEO dari Website"\r\n6. Sertifikat peserta pada stadium general bersama Wakil Menteri Luar Negeri RI "Peran Ekonomi Kreatif dalam menghadapi MEA"', 0, '2016-01-01', '2016-12-31', 2016, '', 'dk. Makamdawa RT 002 RW 003 desa Galuhtimur, Kecamatan Tonjong, Kabupaten Brebes, Jawa Tengah. 52271.', '082328722687', 2015, '', 'Muamalat', '5370004645', 'Baru', 24, 1, '2016-03-11 05:16:57'),
(100, '14.11.8031', 53021, 1, 'KHOIRUL FATONI', '1', '55201', 4, 4, '3.64', 'PRIYONO', 1, 2, 5228800, '1. Microsoft Virtual Academy Certificate Of Completion Course Quick Start Chellenge\r\n2. Microsoft Virtual Academy Certificate Of Completion Developing Universal Windows Apps with C# and XAML\r\n3. Sertifikat Seminar Nasional Retail Dari Kementrian Kewirausahaan BEM KM UGM\r\n4. Sertifikat Penggalian Potensi Mahasiswa Dari STMIK AMIKOM YOGYAKARTAA\r\n5. CCNA 1 Routing and Switching\r\n6. CCNA 1 Routing and Switching\r\n7. Microsoft Digital Literacy\r\n8. ITC Certificate Of Appreciation\r\n9. Higher Learning Certificate Of Achievement\r\n10. Solocom Sertifikat Komputer\r\n11. Sertifikat Gerakan Anti Narkoba Dari GANA STMIK AMIKOM YOGYAKARTA\r\n12. Certificate Of Completion The Hour Of Code ', 0, '2016-01-01', '2016-12-31', 2016, '', 'Gondang RT 21/ RW 07 , Jirapan , Masaran , Sragen , Jawa Tengah', '085642185095', 2014, '', 'Muamalat', '5310072991', 'Baru', 72, 1, '2016-03-11 05:17:59'),
(101, '14.12.8133', 53021, 1, 'RISKA RAHMA SARI', '2', '57201', 4, 4, '3.78', 'AHMAD FAISAL', 5, 3, 2000000, '1. SERTIFIKAT "IT ESSENTIALS IN CISCO NETWORKING ACADEMY"\r\n2. SERTIFIKAT "LINUX ESSENTIALS IN CISCO NETWORKING ACADEMY"\r\n3. SERTIFIKAT SEMINAR NASIONAL "ILUSI OPTIK 3D MAPPING"\r\n4. SERTIFIKAT "ASISTEN PRAKTIKUM MATA KULIAH PENGENALAN PERANCANGAN WEB TA.2015/2016"\r\n5. SERTIFIKAT"INTRODUCTION TO COMPUTER"\r\n6. SERTIFIKAT PENGHARGAAN "BEST OF THE BEST FINAL PROJECT MULTIMEDIA"', 0, '2016-01-01', '2016-12-31', 2016, '', 'DSN, SINDANG KASIH RT/RW 004/001, PIRWODADI, PATIMUAN CILACAP.', '081222886788', 2014, '', 'Muamalat', '5350006862', 'Lama', 24, 1, '2016-03-11 07:01:43'),
(102, '14.11.7893', 53021, 1, 'Eka Rangga Mahardika', '1', '55201', 4, 4, '3.72', 'Marsudi', 1, 2, 4662091, '- CCNA Routing and Switching: Introduction to Networks.\r\n- Sertifikat peserta (Pengalihan Potensi Mahasiswa(PPM) DI stimik amikom Yogyakarta tanggal 1-3 September 2014),\r\n- Sertifikat peserta (Introduction To Computer 2014: Basic of Information Tecnology).\r\n- Sertifikat peserta (One Day Web Programing "Lern coding from nothing to everything").', 0, '2016-01-01', '2016-12-31', 2016, '', 'Karang Anyar RT.3 RW.1 Kejajar, Kejajar, Wonosobo', '081392114209', 2014, '', 'Muamalat', '5310072997', 'Baru', 72, 1, '2016-03-11 07:03:45'),
(103, '14.11.7881', 53021, 1, 'Ayi Susanto', '1', '55201', 4, 4, '3.58', 'Samsu', 3, 3, 3000000, '- sertifikat pesert seminar ( sudah coba"dengan" Open source)-\r\n- CCNA Routing and switching introduction to network\r\n- sertifikat peserta (introduction to computer 2014 : Basic of information technologhy)\r\n- sertifikat peserta seminar (Overclocking)\r\n- sertifikat peserta (Penggalian potensi mahasiswa )', 0, '2016-01-01', '2016-12-31', 2016, '', 'Dsn Cigadung RT/RW 004/003 Desa Karyamukti Kec. Pataruman Kota Banjar', '087826607692', 2014, '', 'Muamalat', '5310072998', 'Baru', 72, 1, '2016-03-11 07:04:29'),
(104, '14.11.8040', 53021, 1, 'Muhamad Yanuar', '1', '55201', 4, 4, '3.94', 'Muhamad Arifin', 2, 3, 3635934, 'menyelesaikan CCNA1 dan Sertifikasi Microsoft', 0, '2016-01-01', '2016-12-31', 2016, '', 'Jl.Gudang Air, NO.7 RT 06 RW02, Kel.Rambutan Kec. Ciracas, Jakarta Timur 13830', '081311396112', 2014, '', 'Muamalat', '5310072974', 'Baru', 72, 1, '2016-03-11 07:10:54'),
(105, '14.11.8023', 53021, 1, 'Adysabzan T. Krois', '1', '55201', 4, 4, '3.42', 'Sabrin Krois', 1, 4, 5262898, '', 0, '2016-01-01', '2016-12-31', 2016, '', 'Jalan Poros Tobelo-Galela, Pune, Galela, Halmahera Utara', '082211865666', 2014, '', 'Muamalat', '5310072972', 'Baru', 72, 1, '2016-03-11 07:12:53'),
(106, '13.12.7519', 53021, 1, 'AMALIA EKANISSA PERDANA', '2', '57201', 4, 6, '3.78', 'JOKO SUPRIYANTO', 2, 3, 2950072, '', 0, '2016-01-01', '2016-12-31', 2016, '', 'KPR. BTN KOTARAJA BLOK D.76 ABEPURA, JAYAPURA, PAPUA', '081248687932', 2013, '', 'Muamalat', '5370003927', 'Lama', 120, 1, '2016-03-11 07:18:14'),
(107, '13.11.7540', 53021, 2, 'YESAYA RECA ALRIYAN', '1', '55201', 4, 6, '3.33', 'YESAYA RECA ALRIYAN', 3, 4, 9600000, '', 0, '2016-01-01', '2016-12-31', 2016, '', 'BATUR, RT02/01 No.18, Kec. BATUR, Kab. BANJARNEGARA, JATENG ', '082136559441', 2013, 'YESAYA RECA ALRIYAN', ' Bank Muamalat Indonesia', '5310073010', 'Baru', 120, 1, '2016-03-11 07:27:01'),
(108, '15.22.1679', 53021, 1, 'MUH. ABWANDI', '1', '55201', 4, 2, '3.89', 'Bahruddin', 3, 1, 1500000, 'sertifikat Penggalian Potensi Mahasiswa Tahun 2012\r\nsertifikat Paduan Suara Mahasiswa Tahun 2015\r\nsertifikat "Battle Of Indie Multimedia" Nominasi Music Video Untuk "Best Idea And Concept" Tahun 2014\r\nsertifikat "Battle Of Indie Multimedia" Terbaik Kategori Music Video Untuk "Best Idea And Concept" Tahun 2014', 0, '2016-01-01', '2016-12-31', 2016, '', 'Jl. Diponegoro No. 40 Majidi, Selong, Lombok Timur, NTB, 83619 ', '087763253599', 2015, '', 'Muamalat', '5370003832', 'Baru', 126, 1, '2016-03-11 07:28:41'),
(109, '15.22.1678', 53021, 2, 'YENI  MULYANI', '2', '55201', 4, 2, '3.76', 'MINGUN', 5, 4, 9000000, 'Sertifikat ITC\r\nSertifikat PPM\r\nSertifikat LDKMO\r\nSertifikat Seminar Game Fest\r\nSertifikat Fighter School Academy III\r\nSertifikat Panitia DLM\r\nSertifikat Competition Newscasting\r\nSertifikat Seminar Digital Imaging\r\nSertifikat Upgrading\r\nSertifikat Seminar Creative Animation & Gaming Industry\r\nSertifikat Seminar The Power Of Organization\r\nSertifikat Asisten Praktikum\r\nSertifikat Personal Branding In Digital Society\r\nSertifikat Pelatihan Web Programming One Week Training\r\nSertifikat Stadium General ', 0, '2016-01-01', '2016-12-31', 2016, '', 'MANGGAL RT/RW 026/008, JATIPURWO, JATIPURO, KARANGANYAR', '081321130017', 2015, 'YENI MULYANI', ' Bank Muamalat Indonesia', '5370003649', 'Baru', 126, 1, '2016-03-11 07:30:10'),
(110, '14.01.3316', 53021, 2, 'Rizki Pramana', '1', '55401', 3, 4, '3.42', 'Teguh Rahayu', 3, 3, 12000000, '1. Pernah Mengikuti "Smart Expo Developer"SED 2015 di STMIK Amikom Yogyakarta.\r\n2. Mengikuti Cisco CCNA 1 dan CCNA 2.\r\n      -Mengikuti Microsoft Digital Literacy\r\n3. Pernah Mengikuti Penggalian Potensi Mahasiswa(PPM) tahun 2014 di STMIK Amikom Yogyakarta.\r\n', 0, '2016-01-01', '2016-12-31', 2016, '', 'Kp. Pekopen Bulak Rt.06 Rw.06 Desa Tambun \r\nKec. Tambun Selatan \r\nKab. Bekasi , Jawa Barat.', '081318220879', 2014, 'RIZKI PRAMANA', ' Bank Muamalat Indonesia', '4960000902', 'Baru', 72, 1, '2016-03-11 07:30:15'),
(111, '15.21.0868', 53021, 2, 'NURMA SUGIARTINI', '2', '55201', 4, 2, '3.69', 'SARJONO', 6, 2, 10800000, '', 0, '2016-01-01', '2016-12-31', 2016, '', 'JOMBOR LOR RT 02 RW 18 GANG KANTHIL NO 39 SINDUADI MLATI SLEMAN YOGYAKARTA', '089619944654', 2015, 'NURMA SUGIARTINI', ' Bank Muamalat Indonesia', '5370000430', 'Baru', 116, 1, '2016-03-11 07:31:15'),
(112, '14.02.8802', 53021, 1, 'PUTU ADI MAHARDIKA', '1', '57401', 3, 4, '3.19', 'I WAYAN BUDIANA', 6, 6, 5000000, '', 0, '2016-01-01', '2016-12-31', 2016, '', 'JL RAYA PANTAI LEBIH, DESA ADAT LEBIH DUUR KAJA, KABUPATEN GIANYAR, BALI', '08174787164', 2014, '', 'Muamalat', '5310072988', 'Baru', 72, 1, '2016-03-11 07:39:23'),
(113, '14.11.8033', 53021, 1, 'Abdul Latif', '1', '55201', 4, 4, '3.58', 'ASMEDI', 1, 5, 6001571, 'awarding boim 2016.  \r\n1st winner battle bots competition.', 0, '2016-01-01', '2016-12-31', 2016, '', 'Jl.Ahmad marzuki Gg.Redho No.03 Rt : 06 Rw : 03', '08127846816', 2014, '', 'Muamalat', '4320007612', 'Baru', 72, 1, '2016-03-11 07:55:04'),
(114, '13.11.7095', 53021, 1, 'ROBERTUS SETIAWANTORO', '1', '55201', 4, 6, '3.70', 'TITUS SRIWIDODO', 5, 3, 1000000, '1. JUARA 1 BADMINTON FTB JATIM SERIES 2016\r\n2. JUARA 3 BADMINTON PIMA POSMA STMIK AMIKOM YOGYAKARTA 2015 ', 0, '2016-01-01', '2016-12-31', 2016, '', 'NGRIMAN RT.01/RW.02 KARANGLO KLATEN SELATAN, KLATEN', '085268295500', 2013, '', 'Muamalat', '5260004832', 'Baru', 120, 1, '2016-03-11 08:00:23'),
(115, '13.12.7468', 53021, 2, 'ANIFAH MEI PRATIWI', '2', '57201', 4, 6, '3.73', 'KUSNIANTI', 3, 2, 10800000, 'Sertifikat sebagai peserta workshop ITC 2013\r\nSertifikat sebagai panitia humas seminar WPAP 2014Sertifikat sebagai panitia humas seminar nasional ANIMASI 2014\r\nSertifikat internasional Linux Professional Institute 2015\r\nSertifikat sebagai peserta pelatihan TA dan Skripsi 2015\r\nSertifikat sebagai peserta seminar internasional "Business Oportunities for Big Data san Cloud Computing 2015\r\nSertifikat sebagai asisten praktikum mata kuliah "Praktikum Akuntansi semester genap TA 2014/2015" \r\nSertifikat sebagai asisten praktikum Terbaik Mata Kuliah Praktikum Akuntansi semester genap TA 2014/2015" \r\nSertifikat sebagai peserta Paduan Suara Mahasiswa (PSM) 2015\r\n', 0, '2016-01-01', '2016-12-31', 2016, '', 'JL. TENTARA PELAJAR, KARANG TURI RT 01 / RW 04, MUDAL, BOYOLALI 57351 JAWA TENGAH', '085647056101', 2013, 'ANIFAH MEI PRATIWI', ' Bank Muamalat Indonesia', '5230003077', 'Baru', 120, 1, '2016-03-11 08:13:37'),
(116, '14.11.8157', 53021, 1, 'Jamaluddin Fikri', '1', '55201', 4, 4, '3.31', 'Ahmad Taufiqur Rofiq', 3, 3, 2000000, '', 0, '2016-01-01', '2016-12-31', 2016, '', 'Des. Kemantren Rt. 04 Rw.05 Kec. Paciran Kab.Lamongan Prov. Jawa Timur ', '', 2014, '', 'Muamalat', '5310073034', 'Baru', 72, 1, '2016-03-11 08:15:15'),
(117, '15.02.9079', 53021, 2, 'DEVKY WINDISARI', '2', '57401', 3, 2, '3.00', 'ABDUL MANAN', 5, 3, 18000000, '', 0, '2016-01-01', '2016-12-31', 2016, '', 'KEMURANG KULON RT04/04 TANJUNG_BREBES', '081902742582', 2015, 'DEVKY WINDISARI', ' Bank Muamalat Indonesia', '5310073030', 'Baru', 24, 1, '2016-03-11 08:17:41'),
(119, '15.02.9076', 53021, 2, 'NUR JANAH ROHMAWATI', '2', '57401', 3, 2, '3.00', 'MARPANGI MARKHABAN', 5, 1, 9600000, '', 0, '2016-01-01', '2016-12-31', 2016, '', 'Pungsari Rt, 004/002, Jatingarang, weru, sukoharjo', '085229742550', 2015, 'NUR JANAH ROHMAWATI', ' Bank Muamalat Indonesia', '5310073056', 'Baru', 24, 1, '2016-03-11 08:20:26'),
(120, '15.02.9063', 53021, 2, 'APRILIA INTAN SUSILAWATI', '2', '57401', 3, 2, '3.67', 'SITI JUMIATUN', 3, 1, 12000000, '', 0, '2016-01-01', '2016-12-31', 2016, '', 'SONAYAN RT02/RW01, JAGALAN, KARANGNONGKO, KLATEN', '085712825330', 2015, 'APRILIA INTAN SUSILAWATI', ' Bank Muamalat Indonesia', '5310073055', 'Baru', 24, 1, '2016-03-11 08:20:43'),
(121, '13.12.7332', 53021, 1, 'EKA YULIA SARI', '2', '57201', 4, 6, '3.87', 'DASRI', 3, 3, 2500000, '', 0, '2016-01-01', '2016-12-31', 2016, '', 'PLOSOKUNING 5 MINOMATANI RT 22 RW 09 NGAGLIK SLEMAN YOGYAKARTA', '081578457212', 2013, '', 'Muamalat', '5610000941', 'Lama', 120, 1, '2016-03-11 08:34:41'),
(122, '14.11.7754', 53021, 2, 'HANDIKA DWIPUTRA', '1', '55201', 4, 4, '3.47', 'ROSKAMALINDA', 3, 2, 9600000, '1.Sertifikat Potensi Penggalian Mahasiswa (PPM) 2014 Di STMIK AMIKOM YOGYAKARTA\r\n2.Surat keterangan Kelulusan Cisco "CCNA Routing and Switching" : Introduction to Network\r\n3Sertifikat Cisco "CCNA Routing and Switching : Introduction to Network"\r\n4.Serfitikat Partisipasi Mengikuti ITC "Introduction to Computer"  2014 : Basic of Information Technology"\r\n5. Sertifikat Seminar Nasional "NETWORK ATTACHED STORAGE" Cara Membangun Cloud Storage\r\n6.Sertifikat Workshop One day Web Programming "LEARN CODING FROM NOTHING TO EVERYTHING" \r\n7.Serfitikat Seminar Nasional "CLOUD SECURITY AND BIG DATA FOR BUSINNESS.\r\n8.Serfitikat Seminar & Workshop "The Secret to Develop Mobile Hybrid Application With Jquery Mobile', 0, '2016-01-01', '2016-12-31', 2016, '', 'Wisma Bungurasih II No 58 RT 04 RW 05 Kel.Bungurasih Kec. Waru Kab Sidoarjo Jawa TImur Kodepos 61256', '081217212356', 2014, 'HANDIKA DWI PUTRA', ' Bank Muamalat Indonesia', '70090009149', 'Lama', 72, 1, '2016-03-11 08:36:35'),
(123, '13.11.7038', 53021, 1, 'MILAWATI HARTONO', '2', '55201', 4, 6, '3.75', 'GUNAWAN HARTONO', 3, 2, 2650000, '1. SERTIFIKAT PPM 2013\r\n2. SERTIFIKAT PANITIA TEBAS 2014\r\n3. SERTIFIK AT ASISTEN PRAKTIKUM PEMROGRAMAN DASAR TI\r\n4. SERTIFIKAT ASISTEN PRAKTIKUM HARDWARE SOFTWARE I / PRAKTIKUM HARDWARE SOFTWARE I\r\n5. SERTIFIKAT PANITIA BENDAHARA SMART EXPO DEVELOPER (SED) 2015\r\n6. SERTIFIKAT PANITIA SMART EXPO DEVELOPER (SED) 2014\r\n7. SERTIFIKAT PESERTA SMART EXPO DEVELOPER (SED) 2015\r\n8. SERTIFIKAT ITC 2013\r\n9. SERTIFIKAT PESERTA SEMINAR NASIONAL ANIMAS DALAM INDUSTRI KREATIF\r\n10. SERTIFIKAT CCNA JARKOM 1\r\n11. SERTIFIKAT PANITIA WPAP KOMA SEBAGAI BENDAHARA\r\n12. SERTIFIKAT PESERTA SEMINAR INTERNASIONAL ADVANCING THE GLOBAL IT INDUSTRY 2014\r\n13. SERTIFIKAT PESERTA SEMINAR ASUS WIRELESS SMART HOME NETWORKING 2014\r\n14. SERTIFIKAT PANITIA SEMNAS TEKNOMEDIA 2016\r\n15. SERTIFIKAT PEMAKALAH SEMNAS TEKNOMEDIA 2016\r\n16. SERTIFIKAT ASISTEN PRAKTIKUM PEMROGRAMAN LANJUT\r\n', 0, '2016-01-01', '2016-12-31', 2016, '', 'JL WATES KM 9, PERUM BALEASRI BLOK A4, RT/RW 12/46, BALECATUR, GAMPING, SLEMAN, YOGYAKARTA', '087839379450', 2013, '', 'Muamalat', '5610000866', 'Baru', 120, 1, '2016-03-11 08:38:01'),
(124, '13.11.7054', 53021, 1, 'ZIKRIA FIRMAINI KIAT', '2', '55201', 4, 6, '3.87', 'AMIR KIAT', 3, 6, 2000000, '1.SERTIFIKAT PENGGALIAN POTENSI MAHASISWA (PPM) 2013\r\n2. SERTIFIKAT PESERTA SEMINAROPTIMIZING YOUR SYSTEM 2013\r\n3. SERTIFIKAT PANITIA SMART EXPO DEVELOPER (SED) 2014\r\n4. SERTIFIKAT PESERTA SMART EXPO DEVELOPER (SED) 2014 \r\n5. SERTIFIKAT TECHNICAL SUPPORT SEMINAR NASIONAL TENOLOGI INFORMASI DAN MULTIMEDIA 2014\r\n6. SERTIFIKAT PANITIA SEMINAR MENJADI ENTREPRENEUR HANDAL 2014\r\n7. SERTIFIKAT PESERTA SEMINAR INTERNASIONAL ADVANCING THE GLOBAL IT INDUSTRY 2014\r\n8. SERTIFIKAT PESERTA SEMINAR GERAKAN ANTI NARKOBA AMIKOM 2014\r\n9. PESERTA ACARA SHARING HOSPITALLITY DI BANK MUAMALAT 2014\r\n10. SERTIFIKAT PANITIA SEMNASTEKNOMEDIA 2015\r\n11. SERTIFIKAT PEMAKALAH SEMINAR NASIONAL TEKNOLOGI INFORMASI DAN MULTIMEDIA (SEMNASTEKNOMEDIA) 2016', 0, '2016-01-01', '2016-12-31', 2016, '', 'NAMLEA, DUSUN MENA RT OO1/RW 002, PULAU BURU, MALUKU', '081343376630', 2013, '', 'Muamalat', '5350006303', 'Lama', 120, 1, '2016-03-11 08:38:56'),
(125, '14.01.3320', 53021, 2, 'Ignatius Anggana Yudha', '1', '55401', 3, 4, '3.14', 'Maria Yacinta Iswarniati', 2, 4, 25200000, '1. Cisco CCNA 1\r\n2. Cisco CCNA 2\r\n3. Sertifikat SED (Smart Expo Developer) 2015\r\n4. Sertifikat Fossil\r\n5. Sertifikat ITC (Introduction of Computer) 2014\r\n6. Sertifikat Peserta PPM 2014', 0, '2016-01-01', '2016-12-31', 2016, '', 'Jatimulyo TR.I/624.A-Yogya', '087839426641', 2014, 'Ignatius Anggana Yudha', ' Bank Muamalat Indonesia', '5310073017', 'Baru', 72, 1, '2016-03-11 08:40:21'),
(126, '15.21.0850', 53021, 2, 'PRIHATIN AKHIRIANTI', '2', '55201', 4, 2, '3.50', 'SUPARNA', 6, 4, 5400000, '1. PESERTA PPM 2012\r\n2. ANGGOTA SIE. ACARA PPM 2013\r\n3. ANGGOTA SIE. ACARA PPM 2014\r\n4. KOORDINATOR ACARA "SOUL MASTER AMO"\r\n5. PANITIA AMIKOM EXPO 2013\r\n6. TOEFL DENGAN SCORE 487\r\n7. WISUDAWATI BERPREDIKAT CUMLAUDE  WISUDA AMIKOM PERIODE 55', 0, '2016-01-01', '2016-12-31', 2016, '', 'GATAK KEBONTIMUN RT 003/RW 005 DESA KIRINGAN, KECAMATAN BOYOLALI, KABUPATEN BOYOLALI', '085741404268', 2015, 'PRIHATIN AKHIRIANTI', ' Bank Muamalat Indonesia', '5310071771', 'Baru', 120, 1, '2016-03-11 08:42:03'),
(127, '14.11.7956', 53021, 2, 'Aziz Zurohman', '1', '55201', 4, 4, '3.64', 'Sahidin', 5, 2, 6600000, 'sertifikat ppm stmik amikom 2014\r\nsertifikat itc 2014\r\nsertifikat CCNA Routing and Switching : Introduction to Networks', 0, '2016-01-01', '2016-12-31', 2016, '', 'Kutayasa RT 02 RW 03 Bawang Banjarnegara', '089665658286', 2014, 'Aziz Zurohman', ' Bank Muamalat Indonesia', '5390001537', 'Lama', 72, 1, '2016-03-11 08:51:44'),
(128, '14.11.7650', 53021, 1, 'BONAR SATRIYO', '1', '55201', 4, 4, '3.78', 'PONIYEM', 3, 3, 2500000, '', 0, '2016-01-01', '2016-12-31', 2016, '', 'GANDEKAN NAYAN MAGUWOHARJO DEPOK SLEMAN YOGYAKARTA', '08157904061', 2014, '', 'Muamalat', '5310071878', 'Baru', 72, 1, '2016-03-11 08:52:57'),
(129, '14.02.8770', 53021, 1, 'MAGHFIRA MAULANI', '2', '57401', 3, 4, '3.92', 'GONDO PARMONO', 1, 4, 5221057, 'PEMANDU PPM AMIKOM 2015\r\nCISCO NETWORKING ACADEMY', 0, '2016-01-01', '2016-12-31', 2016, '', 'RT 08 RW 02 PRUMPUNG BUMIREJO KEBUMEN', '085878326701', 2014, '', 'Muamalat', '5310071880', 'Lama', 72, 1, '2016-03-11 08:53:24'),
(130, '13.12.7186', 53021, 1, 'SITI FATONAH', '2', '57201', 4, 6, '3.93', 'BASIKUN', 5, 3, 1500000, '1.	Sertifikat Linux Profesional Institute\r\n2.	Sertifikat Peserta Seminar “ Microcontroller dan Pemanfaatan Robotika”\r\n3.	Sertifikat Peserta Seminar “Creative Animation & Gaming Industry”\r\n4.	Sertifikat eserta Seminar Nasional “ Menciptakan Generasi Kreative Pembangun Bangsa Melalui Creativepreneur dan Entrepreneur”\r\n5.	Sertifikat Peserta Seminar “Optimizing Your System”\r\n6.	Sertifikat Panitia “Semarak Qurban Kampus Ungu”\r\n7.	Sertifikat Panitia “Dialog Lembaga Dan Mahasiswa 2014”\r\n8.	Sertifikat Panitia “Pengabdian Masyarakat Teknologi Masyarakat”\r\n9.	Sertifikat  Member Amikom Computer Club “AMCC”\r\n10.	Sertifikat Panitia Workshop “Easy Developing Mobile Apps”\r\n11.	Sertifikat Panitia Seminar “ How to Becoming Administrator Sysadmin Mikrotik”\r\n12.	Sertifikat Panitia “English Competition”\r\n13.	Sertifikat Panitia “Amikom Expo 2014 The Colorful of Innovation”\r\n14.	Sertifikat Peserta “PPM 2013”\r\n15.	Sertifikat Peserta Seminar WPAP “Cooring of Art”\r\n16.	Sertifikat Peserta Workshop “ Introduction to Computer 2013”\r\n17.	Sertifikat Instruktur Workshop “Introducton to Computer 2014”\r\n18.	Sertifikat Asisten Terbaik Matakuiah “SISTEM BASIS DATA Semester Ganjil 2015/2016”\r\n19.	Sertifikat Koordinator Asisten Matakuiah “SISTEM BASIS DATA/ PERANCANGAN BASIS DATA Semester Ganjil 2015/2016”\r\n20.	Sertifikat Asisten Matakuiah “SISTEM BASIS DATA / PERANCANGAN BASIS DATA Semester Ganjil 2015/2016”\r\n21.	Sertifikat Asisten Matakuiah “SISTEM OPERASI Semester Ganjil 2015/2016”\r\n22.	Sertifikat Tim Management Workshop “Introducton to Computer 2014”\r\n', 0, '2016-01-01', '2016-12-31', 2016, '', 'TUKINGGEDONG RT.03/03 KEC. PURING KAB. KEBUMEN JAWA TENGAH', '089680886841', 2013, '', 'Muamalat', '5370003791', 'Lama', 120, 1, '2016-03-11 08:54:36'),
(131, '13.12.7616', 53021, 1, 'ACHMAD ZAINI', '1', '57201', 4, 6, '3.87', 'GIYOTO', 3, 1, 1200000, '1.	Sertifikat Peserta “PELATIHAN TA DAN SKRIPSI 2016 ”\r\n2.	Sertifikat Technical Support “Seminar Nasional Teknologi Informasi dan Multimedia 2016”\r\n3.	Sertifikat Tentor “Preparing Before Test (PBT) STMIK AMIKOM YOGYAKARTA 2015 ”\r\n4.	Sertifikat Asisten Praktikum  “Bahasa Pemrograman 1 / Pemrograman Berorientasi objek 1  pada semester ganjil TA.2015/2016”\r\n5.	Sertifikat Asisten Praktikum  “Sistem Operasi pada semester ganjil TA.2015/2016”\r\n6.	Sertifikat Asisten Praktikum  “Pemrograman Terstruktur pada semester genap TA.2014/2015”\r\n7.	Sertifikat International “Linux Essentials Course in the Cisco Networking Academy 2015”\r\n8.	Sertifikat Seksi Pemandu “PPM STMIK AMIKOM YOGYAKARTA 2014 ”\r\n9.	Sertifikat Kerja “Bolo Jogist 2014”\r\n10.	Sertfikat Peserta “Workhop Indomaret : From Student To Be A Proudness Profesional 2014”\r\n11.	Sertfikat Peserta “Asus Wireless Seminary Smart Home Wireless Networking 2014”\r\n12.	Sertifikat Finalis “Poster Design Competition Gebyar Muharram 1435H 2013”\r\n13.	Sertifikat Panitia “Seminar dan Kopdar Blogger Nusantara 2013”\r\n14.	Sertifikat Peserta “Seminar Amikom Research Start Up 2013”\r\n15.	Sertifikat Peserta “Seminar WPAP : Coloring Of Art 2013”\r\n16.	Sertifikat UKBI “Uji Kemahiran Berbahasa Indonesia 2013”\r\n', 0, '2016-01-01', '2016-12-31', 2016, '', 'RT 03 RW 07 DESA KANCILAN KECAMATAN \r\nKEMBANG KABUPATEN JEPARA PROVINSI JAWA TENGAH', '085225536119', 2013, '', 'Muamalat', '2080000098', 'Baru', 120, 1, '2016-03-11 09:04:43'),
(132, '13.12.7262', 53021, 1, 'NASTITI PRAMUDITA', '2', '57201', 4, 6, '3.90', 'NGADIYONO', 6, 2, 950000, '1. SERTIFIKAT PENGGALIAN POTENSI MAHASISWA\r\n2. SERTIFIKAT INTRODUCTION TO COMPUTER\r\n3. SERTIFIKAT SEMINAR NASIONAL ANIMASI DALAM INDUSTRI KREATIF\r\n4. SERTIFIKAT LINUX ESSENTIALS PROFESSIONAL DEVELOPMENT', 0, '2016-01-01', '2016-12-31', 2016, '', 'NGABEAN KULON RT 05 RW 35, SINDUHARJO, NGAGLIK, SLEMAN, YOGYAKARTA', '081227071151', 2013, '', 'Muamalat', '5350006269', 'Lama', 120, 1, '2016-03-11 09:04:56'),
(133, '14.02.8674', 53021, 1, 'FEBRI NUGROHO', '1', '57401', 3, 4, '3.53', 'SUYANTI', 5, 4, 1100000, '-CERTIFICATE OF APPREACISTION \r\n-CERTFICATE LINUX PROFESIONAL INSTITUTE ', 0, '2016-01-01', '2016-12-31', 2016, '', 'Klinyo, margoluwih seyegan sleman yogyakarta', '089687361324', 2014, '', 'Muamalat', '5350007387', 'Baru', 72, 1, '2016-03-11 09:07:48'),
(134, '14.02.8729', 53021, 1, 'JALU ADHITAMA', '2', '57401', 3, 4, '3.47', 'SAMIDI', 5, 2, 1000000, 'LINUX PROFESSIONAL INSTITUTE', 0, '2016-01-01', '2016-12-31', 2016, '', 'SAMEN SUMBERMULYO BAMBANGLIPURO BANTUL', '081804282043', 2014, '', 'Muamalat', '5350007386', 'Baru', 72, 1, '2016-03-11 09:09:32'),
(135, '13.12.7212', 53021, 1, 'SAFURA HAMIDA MAJID', '2', '57201', 4, 6, '3.82', 'NUKE HENDRATI WENING WIRANTI', 1, 3, 3954250, '1. Sertifikat "Metodologi Penelitian dalam Bidang Teknologi Informasi"\r\n2. Sertifikat Multimedia "Menggali Ide & Konsep untuk Persiapan Dini Menyusun TA/Skripsi"\r\n3. Sertifikat Seminar Nasional Ekonomi & Kewirausahaan "Berbisnis Cara Ampuh Menuju Surga"\r\n4.Linux Essentials Professional Development Certificate\r\n5. Sertifikat "Anggota Seksi Pemandu" (PPM) 2014\r\n6. Sertifikat Seminar Nasional "Animasi Dalam Industri Kreatif"\r\n7. Sertifikat "Creative Animation & Gaming Industry"\r\n8. Sertifikat Peserta Penggalian Potensi Mahasiswa (PPM) 2013\r\n9. Sertifikat Introduction to Computer "Information Technology as The Key of Future" ', 0, '2016-01-01', '2016-12-31', 2016, '', 'TEGALREJO TR III/369 YOGYAKARTA', '081227513585', 2013, '', 'Muamalat', '5350006286', 'Lama', 120, 1, '2016-03-11 09:09:58'),
(136, '14.11.8002', 53021, 2, 'Waras Prasetiyo', '1', '55201', 4, 4, '3.67', 'Mundjijah', 6, 2, 480000000, '', 0, '2016-01-01', '2016-12-31', 2016, '', 'Dk Jelarang RT 004/RW 002,Karangtanjung\r\nKecamatan Alian,Kebumen', '087839223833', 2014, 'Waras Prasetiyo', ' Bank Muamalat Indonesia', '5310071734', 'Lama', 72, 1, '2016-03-11 09:10:14'),
(137, '13.12.7220', 53021, 2, 'SULIS TITI SARININGSIH', '2', '57201', 4, 6, '3.55', 'SUDIRIN', 5, 4, 7200000, 'SERTIFIKAT TEBAS 2013 KOMA "PUBLIC RELATION"\r\nSERTIFIKAT SEMINAR NASIONAL "ANIMASI DALAM INDUSTRI KREATIF"\r\nSERTIFIKAT METODOLOGI PENELITIAN DALAM BIDANG TEKNOLOGI INFORMASI 2015', 0, '2016-01-01', '2016-12-31', 2016, '', 'KRIYAN DS IV, RT 16 RW 08, KARANGWUNI, WATES,\r\nKULON PROGO, YOGYAKARTA 55651', '087843108682', 2013, 'SULIS TITI SARININGSIH', ' Bank Muamalat Indonesia', '5350006288', 'Lama', 120, 1, '2016-03-11 09:12:09'),
(138, '13.11.7353', 53021, 2, 'Putra Wahyu Hidayat', '1', '55201', 4, 6, '3.43', 'Zam Zani', 3, 1, 6000000, '1. sertifikat dalam kegiatan Penggalian Potensi Mahasiswa (PPM)\r\n2. Sertfikat dalam kegiatan Smart Expo Developer (SED)\r\n3. Sertfikat dalam workshop " Introduction To Computer 2013"\r\n4. Sertfikat Routing and Switching (CCNA1)\r\n5.Sertfikat Introduction to Network (CCNA2)\r\n6. Sertfikat Gathering dan Apresiasi "Harmony Organization"\r\n7. Sertfikat "Linux For Everywhare" sebagai perserta\r\n8. Sertfikat komisi Kewirahusaan pada Shorinji Kempo Amikom Di STIMIK AMIKOM Yogyakarta', 0, '2016-01-01', '2016-12-31', 2016, '', 'Sibolong, Jatimulyo, Girimulyo, Kulon Progo, Yogyakarta, 55674', '081227332840', 2013, 'Putra Wahyu Hidayat', ' Bank Muamalat Indonesia', '5310071752', 'Lama', 120, 1, '2016-03-11 09:16:39'),
(139, '13.11.7364', 53021, 2, 'Heri Wijayanto', '1', '55201', 4, 6, '3.43', 'SUKIMIN', 5, 2, 8400000, '', 0, '2016-01-01', '2016-12-31', 2016, '', 'Rt/Rw 05/02 Desan Wetan, Joton, Jogonalan, Klaten', '085799258772', 2013, 'Heri Wijayanto', ' Bank Muamalat Indonesia', '5670001929', 'Lama', 120, 1, '2016-03-11 09:20:15'),
(140, '15.11.8976', 53021, 1, 'ERVAN TRIYANTO', '1', '55201', 4, 2, '4.00', 'NGADIYONO', 5, 2, 1500000, '', 0, '2016-01-01', '2016-12-31', 2016, '', 'NAMPAN RT:02 RW:22 GADINGSARI SANDEN BANTUL YOGYAKARTA 55763', '082325396662', 2015, '', 'Muamalat', '5320006993', 'Baru', 24, 1, '2016-03-11 09:21:04'),
(141, '15.11.8925', 53021, 1, 'IHSANUDDIN', '1', '55201', 4, 2, '3.92', 'JUMARLAN', 6, 1, 3000000, '', 0, '2016-01-01', '2016-12-31', 2016, '', 'SIRAT RT 005 SIDOMULYO BAMBANGLIPURO BANTUL YOGYAKARTA', '085743388528', 2015, '', 'Muamalat', '5320006994', 'Baru', 24, 1, '2016-03-11 09:21:04'),
(142, '14.11.7652', 53021, 1, 'DZAKI FAIZAL MUBAROK', '1', '55201', 4, 4, '3.61', 'SITI IMRO''ATUL KIPTIYAH', 1, 2, 2849672, '', 0, '2016-01-01', '2016-12-31', 2016, '', 'MIRI RT 02/ RW 01, GEDAWUNG, KISMANTORO\r\nWONOGIRI', '085385410946', 2014, '', 'Muamalat', '5310072987', 'Baru', 72, 1, '2016-03-11 09:22:26'),
(143, '14.11.7751', 53021, 2, 'Pungki Ana Dewi', '2', '55201', 4, 4, '3.18', 'Hardi', 5, 2, 6000000, '', 0, '2016-01-01', '2016-12-31', 2016, '', 'Nalangan, Kudi Batuwarno\r\nWonogiri', '085229502005', 2014, 'Pungki Ana Dewi', ' Bank Muamalat Indonesia', '5350006866', 'Lama', 72, 1, '2016-03-11 09:26:26'),
(144, '13.11.6805', 53021, 1, 'Gian Kresna', '1', '55201', 4, 6, '3.57', 'Edi Yeli Daeli', 3, 2, 3000000, 'Mendapatkan sertifikat nasional.\r\nMendapatkan sertifikat pemakalah SEMNASTEKNOMEDIA.', 0, '2016-01-01', '2016-12-31', 2016, '', 'Pokoh/Meces RT 05 RW 12 UmbulMartani,Ngemplak,Sleman,Yogyakarta', '0819617268', 2013, '', 'Muamalat', '5380002454', 'Baru', 120, 1, '2016-03-11 09:26:42'),
(145, '12.11.6331', 53021, 2, 'YUNUS', '1', '55201', 4, 8, '3.78', 'SUWARSO', 5, 4, 400000, '1. Sertifikat penghargaan dengan karya yang berjudul Shadow Of The Day dan Diary Si Kunti sebagai Nominasi Music Video Dan Indie Movie untuk Best Idea And Concept dan Best Sound And Music pada Acara "Battle Of Indie Multimedia 2014 STMIK Amikom Yogyakarta.\r\n2. Sertifikat Penghargaan Dalam Keikutsertaan di Acara Gelar Karya Mahasiswa Hardware dan Software 2013.\r\n3. Sertifikat sebagai peserta pada workshop Introduction to Computer 2012 yang diselenggarakan oleh Amikom Computer Club bekerjasama dengan STMIK Amikom Yogyakarta di Laboratorium STMIK Amikom Yogyakarta.\r\n4. Sertifikat sebagai peserta dalam acara Talk Show Akhir Tahun The Power Of Organization pada tahun 2014 bersama M. Sya''ban Harahap, S.Kom yang diselenggarakan oleh Badan Eksekutif Mahasiswa STMIK Amikom Yogyakarta Kabinet Aktualisasi Konstribusi.\r\n5. Sertifikat sebagai peserta dalam kegiatan penggalian potensi mahasiswa (PPM) 2012 yang diselenggarakan oelh STMIK Amikom Yogyakarta.', 0, '2016-01-01', '2016-12-31', 2016, '', 'Ngangin-Angin, Banyuroto, Nanggulan, Kulon Progo, Yogyakarta, 55671', '085293015771', 2012, '', 'Muamalat', '5370003917', 'Lama', 138, 1, '2016-03-11 09:33:12'),
(146, '15.11.8509', 53021, 1, 'ARIF FRIDASARI', '1', '55201', 4, 2, '4.00', 'JULASTRI', 3, 1, 1700000, 'PPM 2015', 0, '2016-01-01', '2016-12-31', 2016, '', 'DSN. PRENGGAN RT 10 RW 02, POLOSIRI KEC. BAWEN, KAB. SEMARANG', '081904962695', 2015, '', 'Muamalat', '2080000379', 'Baru', 24, 1, '2016-03-11 09:34:19'),
(147, '14.01.3373', 53021, 2, 'Septi Prastanti', '2', '55401', 3, 4, '3.50', 'SUROTO', 5, 2, 8400000, '', 0, '2016-01-01', '2016-12-31', 2016, '', 'Kampung kapas II ,medan sumatera utara', '087748091309', 2014, 'SEPTI PRASTIANTI', ' Bank Muamalat Indonesia', '5350006867', 'Lama', 72, 1, '2016-03-11 09:52:18'),
(149, '13.11.6791', 53021, 2, 'Brima Surya Prayoga', '1', '55201', 4, 6, '3.67', 'Suyatno', 3, 1, 6000000, '1. Certificate Of Appreciation 2013\r\n2. Penggalian Potensi Akademik (PPM) 2013\r\n3. Smart Expo Developer 2014\r\n4. CCNA Routing and Switching : Introduction to Networks 2015\r\n5. CISCO 2015\r\n6. Koordinator Konsumsi Smart Expo Developer 2015\r\n7. Asisten Praktikum Mata Kuliah Hadware Software I Pada Semester Genap TA.2014/2015\r\n8. Asisten Praktikum Mata Kuliah Pemograman Pada Semester Genap TA.2014/2015', 0, '2016-01-01', '2016-12-31', 2016, '', 'Gendingan NG II/ 294 RT 16 RW 03 Kecamatan Ngampilan Kelurahan Notoprajan Yogyakarta', '-', 2013, 'Brima Surya Prayoga', ' Bank Muamalat Indonesia', '5310070449', 'Lama', 120, 1, '2016-03-11 10:05:13'),
(150, '14.11.8232', 53021, 2, 'RAHMAWAU DADANG ABIRHOSID', '1', '55201', 4, 4, '3.42', 'RUSTAM', 6, 2, 21600000, '1. sertifikat peserta "PENGGALIAN POTENSI AHASISWA (PPM)"\r\n2. sertifikat peserta seminar "SUDAH COBA "DENGAN" OPEN SOURCE"\r\n3. sertifikat peserta semnas "ILUSI OPTIK 3D MAPPING"\r\n4. sertifikat peserta "ONE DAY WEB PROGRAMMING"\r\n5. sertifikat peserta "INTRODUCTION YOCOMPUTER"\r\n6. sertifikat pembelajaran "CISCO : CCNA ROUTING AND SWITCHING"\r\n7. sertifikat peserta "sMART EXPO DEVELOPER 2015"', 0, '2016-01-01', '2016-12-31', 2016, '', 'desa Jukung 02/03, kec.Bulu, Kab.Rembang', '081326328660', 2014, 'RAHMAWAU DADANG ABIRHOSID', ' Bank Muamalat Indonesia', '5310073032', 'Baru', 72, 1, '2016-03-12 02:37:24'),
(152, '14.01.3423', 53021, 1, 'Dwiki Setyo We Nardhy', '1', '55401', 3, 4, '3.31', 'Ir. Sunardi', 3, 3, 1500000, '1. Sertifikat pemenang Karya Terpilih Lomba Komik dan Esai Budaya Damai 2015 diselenggarakan oleh Direktorat Internalisasi Nilai dan Diplomasi Budaya\r\n2. Sertifikat ITC\r\n3. Sertifikat PPM', 0, '2016-01-01', '2016-12-31', 2016, '', 'Jl. Raya Kedondong RT 02/RW 02, Kec. Bagor, Kab. Nganjuk', '0818590549', 2014, '', 'Muamalat', '7440006338', 'Baru', 28, 1, '2016-03-12 03:14:31'),
(153, '14.61.0016', 53021, 1, 'Devandira Kusuma Putri', '2', '55201', 4, 4, '3.86', 'Siti Nuryuanti', 2, 1, 1460000, '1. Setifikat CCNA Routing and Switching: ITN\r\n2. Sertifikat Kelulusan CCNA Routing and Switching: ITN\r\n3. Sertifikat sebagai Panitia Seminar Nasiona "Indonesia Goes to Nuclear Power and IT for Life" STMIK Amikom Yogyakarta\r\n4. Sertifikat Mengikuti ITC STMIK Amikom Yogyakarta\r\n5. Sertifikat Mengikuti Seminar "Business Opportunities for Big Data and Cloud Computing" STMIK Amikom Yogyakarta\r\n6. Sertfikat mengikuti Semina Nasional "Cloud Security and Big Data for Business Productivity" UGM\r\n7. Sertfikat Mengikuti Seminar Internasional "How to Become IT Entrepreneur" STMIK Amikom Yogyakarta\r\n8. Setifikat Mengikuti PPM STMIK Amikom Yogyakarta\r\n9. Sertifikat Menyelesaikan Kelas Cisco Networking Academy: Internet of Everything\r\n10. Sertifikat Kelulusan Cisco IT Essential\r\n', 0, '2016-01-01', '2016-12-31', 2016, '', 'Gampingan Baru No. 16 RT 042 RW 009 Wirobrajan, Pakuncen, Yogyakarta', '0818701271', 2014, '', 'Muamalat', '5310071861', 'Lama', 72, 1, '2016-03-12 03:17:01'),
(154, '14.02.8902', 53021, 2, 'LAELA TABASUMI FIKRIYAH', '2', '57401', 3, 4, '3.33', 'TATI HARTATI', 6, 4, 7200000, '', 0, '2016-01-01', '2016-12-31', 2016, '', 'KP. TEGAL AMBA, Kec. PURWASARI, Kel/Desa.TEGAL RT/RW 001/001, SARI Kab. KARAWANG, JAWA BARAT', '087741540177', 2014, '', 'Muamalat', '5380002473', 'Baru', 72, 1, '2016-03-12 03:18:46'),
(155, '15.12.8376', 53021, 1, 'Muhamad Fawzan', '1', '57201', 4, 2, '3.92', 'Muhammad Zainudin', 3, 2, 6000000, '', 0, '2016-01-01', '2016-12-31', 2016, '', 'Jalan Pakunegara RT.12 Kelurahan Raja, Pangkalan Bun, Kalimantan Tengah', '08125093871', 2015, '', 'Muamalat', '5380002441', 'Baru', 24, 1, '2016-03-12 03:20:13'),
(156, '13.11.7288', 53021, 1, 'Muhamad Nurhudi', '1', '55201', 4, 6, '3.85', 'Sumarno', 2, 4, 1500000, 'Sertifikat Netriders CCNA Skills Competition 2015\r\nSertifikat Asisten Prkatikum Mata Kuliah Jaringan Nirkabel\r\nSertifikat Asisten Prkatikum Mata Kuliah Jaringan Komputer\r\nSertifikat Cisco CCNA Routing and Switching : Introduction to Networks (CCNA 1)\r\nSertifikat Cisco CCNA Routing and Switching : Routing and Switching Essentials (CCNA 2)\r\nSertifikat Cisco CCNA Routing and Switching : Scaling Networks (CCNA 3)\r\nSertifikat Cisco CCNA Routing and Switching : Connecting Networks (CCNA 4)\r\nSertifikat Cisco Internet of Everything\r\nSertifikat Smart Expo Developer 2014\r\nSertifikat Introduction to Computer 2013', 0, '2016-01-01', '2016-12-31', 2016, '', 'Kadisono Rt/Rw 005/002, Gubug, Cepogo, Boyolali, Jawa Tengah', '085726914332', 2013, '', 'Muamalat', '5370003895', 'Lama', 120, 1, '2016-03-12 03:24:09'),
(157, '15.22.1715', 53021, 1, 'NUR HAIDA FAHMI', '2', '55201', 4, 2, '3.81', 'MUH. TAUFIK', 2, 3, 766500, '', 0, '2016-01-01', '2016-12-31', 2016, '', 'BASIN RT 01/RW 04, BASIN, KEBONARUM, KLATEN', '085729751790', 2015, '', 'Muamalat', '5370003653', 'Baru', 126, 1, '2016-03-12 03:27:24'),
(158, '14.01.3366', 53021, 1, 'Tri Pamungkas Mahardika', '1', '55401', 3, 4, '3.08', 'Heri Jumiyanto', 3, 2, 3000000, '1. Sertifikat Cisco CCNA 1\r\n2. Sertifikat Cisco CCNA 2\r\n3. Sertifikat SED (Smart Expo Developer) 2015\r\n4. Sertifikat ITC 2014\r\n5. Sertifikat Peserta PPM 2014', 0, '2016-01-01', '2016-12-31', 2016, '', 'Glagahsari uh 4/546 RT 21 RW 05', '08157909484', 2014, '', 'Muamalat', '5310073015', 'Baru', 24, 1, '2016-03-12 03:34:39'),
(159, '14.01.3367', 53021, 1, 'Pralana Anggi Maytistua Nababan', '1', '55401', 3, 4, '3.42', 'Lamsar Nababan', 1, 3, 4963084, '1.Sertifikat sebagai Wakil Ketua Acara Welcome Party 2015\r\n2.Sertifikat CCNA Routing and Switching : Introduction to Networks\r\n3.Sertifikat CCNA Routing and Switching : Routing and Switching Essentials\r\n4.Sertifikat sebagai peserta "SMART EXPO DEVELOPER 2015 TECHNOLOGY FOR BETTER FUTURE\r\n5.Sertifikat sebagai peserta " Leader Camp PPNI 2015"\r\n6.Sertifikat sebagai peserta Seminar "Microcontroller for Developer 2015"\r\n7.Sertifikat sebagai peserta PPM\r\n8.Sertifikat sebagai peserta ITC 2014', 0, '2016-01-01', '2016-12-31', 2016, '', 'Perum Polda R.5 Purwomartani, Kalasan, Sleman, Yogyakarta', '085743234311', 2014, '', 'Muamalat', '5350007363', 'Baru', 70, 1, '2016-03-12 03:37:34'),
(160, '14.01.3418', 53021, 1, 'Miral Achmed', '1', '55401', 3, 4, '3.81', 'drs. Nuzul', 1, 2, 5596800, '1. Sertifikat Peserta seminar "Sudah coba "dengan" open source"\r\n2. Sertifikat CCNA Routing and Switching: Introduction to Networks\r\n3. Sertifikat CCNA Routing and Switching: Routing and Switching Essentials\r\n4. Sertifikat CCNA Routing and Switching: Routing and Switching Essentials\r\n5. Sertifikat Peserta seminar "Webpreneur dapatkan penghasilan CEO dari website"\r\n6. Sertifikat Peserta seminar international "Merging the real world and the virtual world : computing everywhere, the internet of things.\r\n7. sertifikat peserta seminar "overclocking smart expo developer 2015.\r\n8. sertifikat peserta seinar international "how to become an it enterpreneur".\r\n9. sertifikat panitia PIMA POSMA 2015\r\n10. sertifikat peserta PPM\r\n11. sertifikat peserta itc 2015', 0, '2016-01-01', '2016-12-31', 2016, '', 'Jl. Murhum No. 75 A, Kel. Wajo, Kec. Murhum, Kota Baubau, Sulawesi Tenggara', '081524841432', 2014, '', 'Muamalat', '5350006856', 'Baru', 72, 1, '2016-03-12 03:40:54'),
(161, '14.12.8061', 53021, 2, 'ADHISTA DERA HARDANINGTYAS', '2', '57201', 4, 4, '3.64', 'HENNY ROOSWITA', 6, 3, 450000, 'sertifikat ndg linux 2016', 0, '2016-01-01', '2016-12-31', 2016, '', 'TAWANGMANGU RT 4 RW 2 KARANGANYAR, JAWA TENGAH', '08179454421', 2014, '', 'Muamalat', '5300001692', 'Lama', 72, 1, '2016-03-12 03:41:08'),
(162, '14.02.8711', 53021, 1, 'Shifa Novianida', '2', '57401', 3, 4, '3.14', 'Wiwik Iriani', 3, 3, 800000, 'Sertifikat Microsoft, Sertifikat Linux Professional Institute, Sertifikat ITC, Sertifikat PPM', 0, '2016-01-01', '2016-12-31', 2016, '', 'Potrojayan, Madurejo, Prambanan, Sleman RT/RW 003/019', '02744398749', 2014, '', 'Muamalat', '5370004630', 'Baru', 72, 1, '2016-03-12 03:41:43'),
(163, '14.02.8714', 53021, 1, 'Ivana Noor Rachma', '2', '57401', 3, 4, '3.39', 'Surono', 1, 1, 4873062, 'Sertifikat ITC sebagai peserta, Sertifikat Penggalian Potensi Mahasiswa ( PPM ) sebagai peserta, Sertifikat Linux Professional Institute', 0, '2016-01-01', '2016-12-31', 2016, '', 'Sabrangkali RT/RW. 08/09, Karangdukuh, Jogonalan, Klaten', '081391272474', 2014, '', 'Muamalat', '5370004629', 'Baru', 72, 1, '2016-03-12 03:42:44'),
(164, '15.02.9047', 53021, 2, 'NUR KHOIRIYAH', '2', '57401', 3, 2, '3.00', 'Muhammad Amin', 3, 2, 18000000, '1. Sertifikat PPM\r\n2. Sertifikat ITC (Introduction To Computer)', 0, '2016-01-01', '2016-12-31', 2016, '', 'Dusun Amba Rt/014 Rw/007 Desa Sumi Kec. Lambu Kab. Bima', '082339869243', 2015, 'NUR KHOIRIYAH', ' Bank Muamalat Indonesia', '5310073057', 'Baru', 24, 1, '2016-03-12 03:43:23'),
(165, '14.01.3355', 53021, 2, 'Nur Tantio Pratomo', '1', '55401', 3, 4, '3.44', 'Slamet', 6, 1, 24000000, '1. Sertifikat Penggalian Potensi Mahasiswa (PPM) 2014\r\n2. Sertifikat CCNA I\r\n3. Sertifikat CCNA II\r\n4. Sertifikat Introduction To Computer (ITC) 2014\r\n5. Sertifikat Smart Expo Developer (SED) 2015\r\n6. Sertifikat "How to Becoming Administrator Sysadmin Mikrotik" ', 0, '2016-01-01', '2016-12-31', 2016, '', 'Turus RT013/005, Tanjungharjo, Nanggulan, Kulon Progo', '081219313790', 2014, 'Nur Tantio Pratomo', ' Bank Muamalat Indonesia', '5390000605', 'Baru', 72, 1, '2016-03-12 03:54:28'),
(166, '13.12.7222', 53021, 1, 'WINDI FAUZIA MAHARDIKA', '2', '57201', 4, 6, '3.82', 'ISMANTORO', 2, 3, 1951000, '1. Seminar Nasional Animasi dalam Industri Kreatif \r\n2.Linux Essentials Course( Cisco Networking Academy)\r\n3. Seminar Metodologi Penelitian dalam Bidang Teknologi Informasi\r\n4. Seminar Nasional Ekonomi dan Kewirausahaan\r\n5. Penggalian Potensi Mahasiswa(Pemandu)\r\n6. Workshop Introduction to Computer\r\n7. Penggalian Potensi Mahasiswa(Peserta)', 0, '2016-01-01', '2016-12-31', 2016, '', 'MRISI RT 07 TIRTONIRMOLO KASIHAN BANTUL YOGYAKARTA', '08562885345', 2013, '', 'Muamalat', '5350006289', 'Lama', 120, 1, '2016-03-12 03:56:45'),
(167, '15.02.9218', 53021, 1, 'RAHMI MARDIANA', '2', '57401', 3, 2, '3.75', 'MARYONO', 1, 1, 6397436, '', 0, '2016-01-01', '2016-12-31', 2016, '', 'SIDOHARUM RT.01/01, KEC. SEMPOR KAB.KEBUMEN\r\n54471', '085729891761', 2015, '', 'Muamalat', '5350007378', 'Baru', 24, 1, '2016-03-12 03:57:20'),
(168, '14.01.3464', 53021, 1, 'Mutiara Faradilla Sarjono Putri', '2', '55401', 3, 4, '3.64', 'SARJONO', 3, 4, 3000000, '', 0, '2016-01-01', '2016-12-31', 2016, '', 'Plebengan Sidomulyo Bambanglipuro Bantul', '08122778913', 2014, '', 'Muamalat', '5380002456', 'Baru', 72, 1, '2016-03-12 03:59:03'),
(169, '14.12.8160', 53021, 1, 'Zulha Triana', '2', '57201', 4, 4, '3.86', 'Drs Aburrahaman', 6, 2, 4237893, '', 0, '2016-01-01', '2016-12-31', 2016, '', 'Semaki Kulon UH1/397, Yogyakarta', '087838992159', 2014, '', 'Muamalat', '5360000625', 'Baru', 72, 1, '2016-03-12 04:00:44'),
(170, '14.12.8218', 53021, 1, 'CHORI TALITHA NURAINA', '2', '57201', 4, 4, '3.61', 'Lugas Santoso', 1, 1, 5560251, 'Sertifikat "Video clip favorit si-07"\r\nSertifikat "Best of the best video clip si-07"\r\nsertifikat ppm amikom\r\nsertifikat NDG, Linux professional institute', 0, '2016-01-01', '2016-12-31', 2016, '', 'Jalan juki no.15 desa Patianrowo, Kec Patianrowo, Kab Nganjuk, Jawatimur', '085232884386', 2014, '', 'Muamalat', '5310073072', 'Baru', 72, 1, '2016-03-12 04:01:00'),
(171, '15.11.9006', 53021, 1, 'WA ODE MIA HASANAH', '2', '55201', 4, 2, '3.83', 'LA ODE MINGKO, S.PD', 1, 3, 3742300, 'sertifikat PPM STMIK AMIKOM 2015\r\nsertifikat SHARING SESSION 1 WEB  AMCC 2015\r\nsertifikat MICROSOFT VIRTUAL ACADEMY 2015\r\n ', 0, '2016-01-01', '2016-12-31', 2016, '', 'LINGK. LINGGE-LINGGE, KEL. PASARWAJO, KEC. PASARWAJO, KAB. BUTON , PROV. SULAWESI TENGGARA', '081341211190', 2015, '', 'Muamalat', '5350007420', 'Baru', 24, 1, '2016-03-12 04:01:12'),
(172, '15.01.3604', 53021, 2, 'RIKE TANRIYA', '2', '55401', 3, 2, '3.83', 'MUJITU', 3, 5, 18000000, '', 0, '2016-01-01', '2016-12-31', 2016, '', 'BLEDERAN RT10 RW04, MOJOTENGAH, WONOSOBO', '081391110075', 2015, 'RIKE TANRIYA', ' Bank Muamalat Indonesia', '5380002489', 'Baru', 24, 1, '2016-03-12 04:02:37'),
(173, '14.12.8211', 53021, 1, 'AINI MA''RIFAH', '2', '57201', 4, 4, '3.53', 'BAMBANG SARWANI', 1, 2, 10210072, 'SERIFIKAT VIDEO KLIP FAVORIT SI-07\r\nSERTIFIKAT BEST OF THE BEST VIDEO KLIP SI-07\r\nSERTIFIKAT ITC\r\nSERTIFIKAT PPM\r\nSERTIFIKAT NDG LINUX PROFESSIONAL INSTITUTE', 0, '2016-01-01', '2016-12-31', 2016, '', 'BABAD RT.31 RW.14, KRADENAN, TRUCUK, KLATEN', '081393199298', 2014, '', 'Muamalat', '5310073071', 'Baru', 72, 1, '2016-03-12 04:02:39'),
(174, '14.12.7812', 53021, 2, 'Ayu Yuli Kristanti Cahyaningsari', '2', '57201', 4, 4, '3.50', 'I Nyoman Sarjana', 3, 2, 3000000, '', 0, '2016-01-01', '2016-12-31', 2016, '', 'Jalan Kemiri H-21 Rt 05/Rw 02\r\nKel/Kec : Taman , Madiun Jawa Timur', '08125944773', 2014, '', 'Muamalat', '5310073000', 'Baru', 72, 1, '2016-03-12 04:10:27'),
(175, '15.12.8817', 53021, 2, 'NINING PRIYANTI', '2', '57201', 4, 2, '3.92', 'TRIYONO', 5, 4, 7200000, '', 0, '2016-01-01', '2016-12-31', 2016, '', 'Sumber Kulon Rt.06/Rw.03, Sumber, Trucuk, Klaten, Jawa Tengah', '0895322946428', 2015, 'NINING PRIYANTI', ' Bank Muamalat Indonesia', '5310073069', 'Baru', 24, 1, '2016-03-12 04:22:38'),
(176, '15.02.9177', 53021, 2, 'Mahanani Renaningtyas', '2', '57401', 3, 2, '3.58', 'Budi Raharjo', 6, 3, 1500000, 'Pesrta PPM 2015, Peserta kegiatan Seminar "Kanker Serviks dan Proteksinya" 2015', 0, '2016-01-01', '2016-12-31', 2016, '', 'Sambilegi Lor, RT05 RW54, Maguwoharjo, Depok, Sleman, Yogyakarta.', '08122742656', 2015, '', 'Muamalat', '5350007379', 'Baru', 24, 1, '2016-03-12 04:25:36'),
(177, '15.02.9220', 53021, 2, 'CANDRA ARUM RAMADHANI', '2', '57401', 3, 2, '3.92', 'ROZIN ', 3, 3, 15000000, 'Peserta pada kegiatan Penggalian Potensi Mahasiswa (PPM) tanggal 8-10 September 2015 di STMIK AMIKOM YOGYAKARTA.', 0, '2016-01-01', '2016-12-31', 2016, '', 'KALIBEBER RT 03 RW 07, MOJOTENGAH, WONOSOBO, 56351', '085729469606', 2015, 'CANDRA ARUM RAMADHANI', ' Bank Muamalat Indonesia', '5350007377', 'Baru', 24, 1, '2016-03-12 04:26:38'),
(178, '13.11.7543', 53021, 2, 'YASRI SINGGIH RIYANTA', '1', '55201', 4, 6, '3.30', 'SRIYATI', 5, 3, 1000000, '', 0, '2016-01-01', '2016-12-31', 2016, '', 'BUMIHARJO KIDUL, PLOSOWANGI, CAWAS, KLATEN', '08562977486', 2013, '', 'Muamalat', '5310073070', 'Baru', 18, 1, '2016-03-12 04:26:44'),
(179, '13.11.6914', 53021, 2, 'FAKHRUL YUANSA', '1', '55201', 4, 6, '3.63', 'WAHYUNI RIBUT SUBEKTI', 3, 2, 7800000, '', 0, '2016-01-01', '2016-12-31', 2016, '', 'JOMBLANGAN RT 004 , BANGUNTAPAN, BANGUNTAPAN, BANTUL, YOGYAKARTA', '085102400108', 2013, 'FAKHRUL YUANSA', ' Bank Muamalat Indonesia', '5310071767', 'Lama', 120, 1, '2016-03-12 04:30:59'),
(180, '15.02.9205', 53021, 2, 'Oktafika Mahya Sholikha', '2', '57401', 3, 2, '3.50', 'Ahmad Mujib', 6, 4, 11400000, 'Peserta PPM 2015, Peserta Seminar Kesehatan"Kanker Serviks dan Proteksinya" , Peserta ITC', 0, '2016-01-01', '2016-12-31', 2016, '', 'Krapyak RT 05/55 Wedomartani Ngemplak Sleman Yogyakarta', '08164222473', 2015, 'OKTAFIKA MAHYA SHOLIKHA', ' Bank Muamalat Indonesia', '5310073021', 'Baru', 24, 1, '2016-03-12 04:32:33'),
(181, '14.11.7637', 53021, 2, 'Monic Aulia Citra', '2', '55201', 4, 4, '3.19', 'Domroh Edi Susilo', 3, 3, 18000000, 'Sertifikat Penggalian Potensi Mahasiswa\r\nSertifikat Introduction to Computer\r\nSertifikat Cisco', 0, '2016-01-01', '2016-12-31', 2016, '', 'Danakerta rt 01/rw01, kec.Punggelan, kab.Banjarnegara', '081327111161', 2014, 'Monic Aulia Citra', ' Bank Muamalat Indonesia', '5380002485', 'Baru', 72, 1, '2016-03-12 04:38:53');
INSERT INTO `data_mahasiswa` (`mahasiswa_no_urut`, `mahasiswa_npm`, `mahasiswa_kdpti`, `mahasiswa_beasiswa`, `mahasiswa_nama`, `mahasiswa_jk`, `mahasiswa_kode_prodi`, `mahasiswa_jenjang`, `mahasiswa_smt`, `mahasiswa_ipk`, `mahasiswa_nama_ortu`, `mahasiswa_pekerjaan`, `mahasiswa_jml_tanggungan`, `mahasiswa_penghasilan`, `mahasiswa_prestasi`, `mahasiswa_n_prestasi`, `mahasiswa_mulai_bulan`, `mahasiswa_selesai_bulan`, `mahasiswa_tahun`, `mahasiswa_keterangan`, `mahasiswa_alamat`, `mahasiswa_telepon`, `mahasiswa_tahun_masuk`, `mahasiswa_nama_mhs_direkening`, `mahasiswa_nama_bank`, `mahasiswa_no_rekening`, `mahasiswa_status`, `mahasiswa_sks`, `mdb`, `mdd`) VALUES
(182, '14.12.7879', 53021, 2, 'ARIFAH NOVIANTI', '2', '57201', 4, 4, '3.56', 'BAJURI', 6, 3, 900000, 'Sertifikat "Introduction To Computer"\r\nSertifikat "Penggalian Potensi Mahasiswa"\r\nSertifikat "Seminar Nasional ILUSI OPTIK 3D MAPPING"\r\nSertifikat " IT Essential"\r\nSertifikat "Linux Prifessional Intitut"', 0, '2016-01-01', '2016-12-31', 2016, '', 'Kapung Kulon, Desa Ambalresmi, Kec Ambal, Kabupaten Kebumen Jawa Tengah', '082242292242', 2014, '', 'Muamalat', '5380002195', 'Lama', 72, 1, '2016-03-12 04:39:50'),
(183, '13.11.7354', 53021, 1, 'ANNISA ARTI JAYANTI', '2', '55201', 4, 6, '3.75', 'Sarwanto, M.Cs', 1, 2, 5028047, '1. PESERTA SEMINAR & WORKSHOP "THE SECRET TO DEVELOP MOBILE HYBRID APPLICATION WITH JQUERY MOBILE" WITH KEYNOTE SPEAKER : "MUJIYANTO" 20 DESEMBER 2014 AT CITRA II ROOM STMIK AMIKOM YOGYAKARTA\r\n2. ASISTEN TERBAIK MATA KULIAH ALGORITMA DAN PEMROGRAMAN SEMESTER GANJIL T.A 2014/2015\r\n3. JUARA 1 NEWS CASTING PEKAN ILMIAH, OLAHRAGA DAN SENI MAHASISWA MEI-APRIL 2015\r\n4. PESERTA SEMINAR MULTIMEDIA MENGGALI IDE DAN KONSEP UNTUK PERSIAPAN DINI MENYUSUN TA/SKRIPSI\r\n5. ASISTEN TERBAIK MATA KULIAH STRUKTUR DATA SEMESTER GENAP T.A 2014/2015\r\n6. TECHNICAL SUPPORT SEMINAR NASIONAL TEKNOLOGI INFORMASI DAN MULTIMEDIA 2016 STMIK AMIKOM YOGYAKARTA', 0, '2016-01-01', '2016-12-31', 2016, '', 'Kuturaden RT08/RW15, Sinduadi, Mlati, Sleman, Yogyakarta 55284', '085228105073', 2013, '', 'Muamalat', '5370003940', 'Baru', 120, 1, '2016-03-12 04:39:50'),
(184, '15.12.8360', 53021, 1, 'IKA SAWITRI', '2', '57201', 4, 2, '3.92', 'SURATI', 6, 2, 1500000, '', 0, '2016-01-01', '2016-12-31', 2016, '', 'NGAMBOH RT.002/RW.009, MARGOREJO, TEMPEL, SLEMAN, YOGYAKARTA', '085643662347', 2015, '', 'Muamalat', '5370004615', 'Baru', 24, 1, '2016-03-12 04:40:11'),
(185, '15.22.1675', 53021, 2, 'RINI RINJANI', '2', '55201', 4, 2, '3.78', 'SUMANTRI', 3, 6, 9600000, 'Peserta Pelatihan Pemimpin Bangsa #7 Se-Indonesia Tahun 2013\r\nTim Support SemNas TEKNOMEDIA 2013\r\nPanitia SEMNAS Peran Pemuda Dalam Membangun Jati Diri Bangsa Tahun 2013\r\nPeserta Debat SOSPOL Se-DIY  Tahun 2012\r\nPeserta Kongres Pemuda Nusantara Tahun 2012\r\nPeserta ONMIPA-PT Wilayah Tahun 2013 Bidang KIMIA\r\nPeserta Game Technopreneur dalam "Jogja Game Fest 2013"\r\nPeserta Talkshow Kekuatan Pena Bersama Tere Liye Tahun 2013\r\nPeserta Dialog Kebangsaan "Pendidikan Politik Bersih, Upaya Melawan Gerakan Money Politik Tahun 2014\r\nPeserta Talkshow Tabloid GENIE dan PIXY Goes To Campus Beauty Career 2015\r\nPeserta Workshop Jurnalistik METRO TV ON STAGE 2015\r\nPeserta KOMPAS KAMPUS Workshop Jurnalistik, Kompas TV, Harian Kompas dan Kompas.com, Talkshow Bersama Rosianna Silalahi Tahun 2015\r\nPeserta Workshop Storyline Mangafest 2015\r\nPeserta Web Development Traning Programs 2016\r\nPeserta Pelatihan Web Programming OWT VII 2016\r\nPeserta Introduce to Computer 2012\r\nPeserta Penggalian Potensi Mahasiswa 2012\r\nAsisten Praktikum Mata Kuliah KSI/PPA Tahun 2013/2014\r\nAsisten Praktikum Mata Kuliah Statistik Tahun 2013/2014\r\nAsisten Praktikum Mata Kuliah Pemogramman Terstruktur Tahun 2013/2014\r\nAsisten Praktikum Terbaik Mata Kuliah Pemogramman Terstruktur Tahun 2013/2014\r\nPeserta Public Relation School Periode Pertama 2013\r\nPiagam Penghargaan Sebagai Wakil Mentri Event dan Kegiatan PSDM 2013/2014\r\nPanitia Pelatihan "Kolaborasi IT & Entrepreneur" Desa Minat IT 2013\r\nPanitia AMIKOM EXPO 2013 "The Creanovity in Technopreneur" 2013\r\n Panitia Semarak Qurban Kampus Ungu 1434 H 2013 M\r\nPanitia Jalan Sehat Ala Amikom 2013 "Olah Raga Bersama Menuju Kesempurnaan"\r\nPanitia Amikom Zero Polution Day "With Fun Walk"\r\nPanitia Seminar dan Workshop "Create Animations With Open Source Software: BLENDER 3D" 2013\r\nPeserta Pelatihan TA/Skripsi 2013\r\nPanitia Penggalian Potensi Mahasiswa 2013\r\nPemandu Penggalian Potensi Mahasiswa 2013\r\nSteering Committe Fighter School #4 2014\r\nPanitia Acara Desa Minat IT 2014\r\nAsisten Praktikum Mata Kuliah Bahasa Pemogramman/Pemogramman Berorientasi Objek 2014/2015\r\nAsisten Praktikum Mata Kuliah Struktur Data 2014/2015\r\nMaster Of Ceremonies Talkshow Be A High Quality Women 2015\r\nPeserta Seminar Personal Branding In Digital Society', 0, '2016-01-01', '2016-12-31', 2016, '', 'Desa Tanjung Sari, Kec. Bahar Selatan, Kab. Muaro Jambi, Prov. Jambi, 36365', '081294234441', 2015, 'RINI RINJANI', ' Bank Muamalat Indonesia', '5370003521', 'Baru', 126, 1, '2016-03-12 04:40:32'),
(186, '13.12.7223', 53021, 1, 'ALBERIZA FALENCIA', '2', '57201', 4, 6, '3.85', 'DJAJADI', 2, 4, 4350000, '1. Sertifikat Peserta PPM ( Penggali Potensi Mahasiswa ) di STMIK AMIKOM Yogyakarta 2013\r\n2. Sertifikat ITC (Introduction To Computer) di STMIK AMIKOM Yogyakarta 2013\r\n3. Sertifikat Workshop Kepenyiaran dengan Tema "Make Action with Passion" di UNY 2013\r\n4. Sertifikat Seminar Nasional "Animasi dalam Industri Kreatif" di STMIK AMIKOM Yogyakarta 2014\r\n5. Sertifikat Asisten Pratikum mata kuliah PTI semester ganjil T.A 2014/2015 di STMIK AMIKOM Yogyakarta\r\n6. Sertifikat Paduan Suara Mahasiswa di STMIK AMIKOM Yogyakarta 2015\r\n7. Sertifikat Linux Professional Institute 2015\r\n8. Sertifikat Seminar "Metodologi Penelitian dalam Bidang Teknologi Informasi" di STMIK AMIKOM Yogyakarta 2015\r\n9. Sertifikat Seminar "Personal Branding in Digital Society - How To Market YourSelf" di STMIK AMIKOM Yogyakarta 2016', 0, '2016-01-01', '2016-12-31', 2016, '', 'JL. SUTOYO S. GANG MULIA BARU KOMPLEK MULAWARMAN RT 021 RW 002  , KEL. TELUK DALAM, KEC BANJARMASIN TENGAH - BANJARMASIN , KAL-SEL', '082298733993', 2013, '', 'Muamalat', '5370004091', 'Lama', 120, 1, '2016-03-12 04:43:11'),
(187, '14.11.7811', 53021, 2, 'Yusuf Maulana Nugroho', '1', '55201', 4, 4, '3.00', 'Sutinem', 6, 1, 8400000, '', 0, '2016-01-01', '2016-12-31', 2016, '', 'Demangan 03/20 Maguwoharjo Depok Sleman Yogyakarta', '', 2014, 'Yusup Maulana Nugraha', ' Bank Muamalat Indonesia', '2080000090', 'Lama', 72, 1, '2016-03-12 04:43:13'),
(188, '14.11.8167', 53021, 1, 'MUNIF ANSORI', '1', '55201', 4, 4, '3.61', 'SUYITNO', 6, 2, 2500000, 'cisco,ppm,itc', 0, '2016-01-01', '2016-12-31', 2016, '', 'DepokRejo Rt01/02 Kebumen, Jawa Tengah', '087887420436', 2014, '', 'Muamalat', '5310072994', 'Baru', 72, 1, '2016-03-12 04:46:43'),
(189, '15.02.9052', 53021, 1, 'SYAMSUL HADI', '1', '57401', 3, 2, '3.50', 'SUKASNO', 6, 1, 900000, '', 0, '2016-01-01', '2016-12-31', 2016, '', 'Ds.Kedawung RT 3/1,Kec.Pejagoan,Kab.Kebumen', '085215606662', 2015, '', 'Muamalat', '5310073066', 'Baru', 24, 1, '2016-03-12 04:47:40'),
(190, '14.12.8154', 53021, 1, 'Sheila Rizky', '2', '57201', 4, 4, '3.78', 'Musta''in Yustian', 3, 2, 2500000, 'Member Of Event "TOEFL and Seminar Simulation", As Student IT Essentials of Cisco Networking Academy, and As Student of Linux Professional Institute', 0, '2016-01-01', '2016-12-31', 2016, '', 'Dusun Krajan, Desa Badean, RT 001/ RW 03, Kec. Kabat, Kab. Banyuwangi - Jawa Timur', '085258253020', 2014, '', 'Muamalat', '5310073081', 'Baru', 72, 1, '2016-03-12 04:53:33'),
(191, '15.11.8507', 53021, 1, 'Muhammad Alya Nizam Indra Putra', '1', '55201', 4, 2, '3.83', 'Wigit Marseto Adji', 1, 2, 5282062, '', 0, '2016-01-01', '2016-12-31', 2016, '', 'Jalan Kartika No. C46 RT 02 / RW 06 Kaligangsa Kulon, Brebes', '085725525591', 2015, '', 'Muamalat', '5350007382', 'Baru', 24, 1, '2016-03-12 04:54:04'),
(192, '15.11.9351', 53021, 1, 'FIRDHA PUTERI DINDA', '2', '55201', 4, 2, '3.83', 'SYARIFUDIN', 6, 3, 4200000, '', 0, '2016-01-01', '2016-12-31', 2016, '', 'DESA KARANGSARI RT 07 RW 03 NO. 14, KEC. BULAKAMBA - KAB. BREBES, JAWA TENGAH', '081575662347', 2015, '', 'Muamalat', '5380002447', 'Baru', 24, 1, '2016-03-12 04:54:48'),
(193, '14.11.7888', 53021, 2, 'Fajar Wibowo Nugroho', '1', '55201', 4, 4, '3.25', 'Supriyono', 5, 2, 6000000, '1. Sertifikat peserta seminar: sudah coba "dengan" open source\r\n2. Sertifikat panitia konsumsi: "TOEFL SEMINAR & SIMULATION"\r\n3. Sertifikat peserta seminar: SEMINAR OVERCLOCKING\r\n4. Sertifikat peserta Penggalian Potensi Mandiri (PPM)\r\n5. Sertifikat CCNA Routing and Switching: Introducion to Network', 0, '2016-01-01', '2016-12-31', 2016, '', 'Dsn. Dongkelsari, Ds. Wukirsari, RT 005 / RW 020, Kec. Cangkringan, Kab. Sleman, Yogyakarta', '087772941745', 2014, 'Fajar Wibowo Nugroho', ' Bank Muamalat Indonesia', '5370004644', 'Baru', 72, 1, '2016-03-12 04:55:01'),
(194, '14.12.8282', 53021, 1, 'Deby Utari', '2', '57201', 4, 4, '3.89', 'Sunarto', 2, 2, 7181163, 'List Sertifikat Selama Jadi Mahasiswa STMIK AMIKOM Yogyakarta dari Tahun 2014-2016\r\n1.	Sertifikat Linux Professional Institute.\r\n2.	Sertifikat Panitia Kegiatan Desa Minat IT 2015.\r\n3.	Sertifikat Participant Introduction To Computer (ITC).\r\n4.	Sertifikat Pengurus Badan Eksekutif Mahasiswa (BEM).\r\n5.	Sertifikat International Seminar “Business Opportunities for Big Data dan Cloud Computing”.\r\n6.	Sertifikat Peserta “Workshop Komunikasi dan Standar Protokoler VII”.\r\n7.	Sertifikat Peserta “Benchmarking Management Strategic Public Relation Bank Muamalat”.\r\n8.	Sertifikat Peserta “Harmony Organization”.\r\n9.	Sertifikat Peserta “ Amikom Information and Communication Technology Award 2015”.\r\n10.	Sertifikat Merit “Amikom Information and Communication Technology Award 2015”.\r\n11.	Sertifikat Asisiten Praktikum Kuliah Pengantan Teknologi Informasi.\r\n', 0, '2016-01-01', '2016-12-31', 2016, '', 'Jl.A.R. Hakim Gg. Mawar No.114 \r\nPerawang, Tualang, Siak, Riau', '088271139811', 2014, '', 'Muamalat', '5370004511', 'Lama', 72, 1, '2016-03-12 04:56:35'),
(195, '14.11.7831', 53021, 1, 'Adinda amaliyah', '2', '55201', 4, 4, '3.58', 'safrizen effendi', 3, 3, 3500000, 'sertifikat itc\r\nsertifikat seminar Bootcamp fossil\r\nsertifikat cisco\r\nsetifikat ppm\r\nsertifikat menjadi bendahara acara di fossil', 0, '2016-01-01', '2016-12-31', 2016, '', 'jl.gentayu no.27 rt.2 kel.keputraan lubuklinggau', '085268327076', 2014, '', 'Muamalat', '5350006886', 'Lama', 72, 1, '2016-03-12 04:58:17'),
(196, '14.02.8774', 53021, 2, 'Widi Gusryanto', '1', '57401', 3, 4, '3.56', 'PARWIDI', 5, 2, 500, 'Sertifikat PPM, ITC 2014, CISCO NETWORKING ACADEMY', 0, '2016-01-01', '2016-12-31', 2016, '', 'Macanan Bligo Ngluwar Magelang', '085642382105', 2014, '', 'Muamalat', '5310071737', 'Lama', 72, 1, '2016-03-12 05:01:41'),
(197, '14.11.7850', 53021, 1, 'fery andriyani', '2', '55201', 4, 4, '3.00', 'sukarmi', 3, 2, 24000000, 'sertifikat cisco\r\nsertifikat seminar fossil\r\nsertifika itc\r\nsertifikat ppm', 0, '2016-01-01', '2016-12-31', 2016, '', 'karanglo rt/rw: 01/03 sukoharjo, ngaglik,sleman', '-', 2014, 'fery andriyani', ' Bank Muamalat Indonesia', '5350006887', 'Lama', 72, 1, '2016-03-12 05:03:14'),
(198, '15.11.8636', 53021, 2, 'CANDRA HERMAWAN', '1', '55201', 4, 2, '3.33', 'MARSUDI', 5, 2, 9000000, '', 0, '2016-01-01', '2016-12-31', 2016, '', 'DENGOK LOR RT.01/RW18, PACAREJO, SEMANU, GUNUNGKIDUL', '087738191029', 2015, '', 'Muamalat', '5380002476', 'Baru', 24, 1, '2016-03-12 05:04:10'),
(199, '15.11.8673', 53021, 2, 'Devy Kumalasari', '2', '55201', 4, 2, '3.83', 'Muhammad Budi Santoso', 5, 2, 2040000, 'Sertifikat ITC (Introduction to Computer) divisi mobile programing\r\nPeserta PPM(Penggalian Potensi Mahasiswa) STMIK AMIKOM YOGYAKARTA', 0, '2016-01-01', '2016-12-31', 2016, '', 'Nganten,Ngawen, Muntilan', '083840142825', 2015, 'Devy Kumalasari', ' Bank Muamalat Indonesia', '5370004633', 'Baru', 24, 1, '2016-03-12 05:04:40'),
(200, '15.02.9097', 53021, 1, 'TAUFIK HARYO HERNADI', '1', '57401', 3, 2, '3.33', 'HERDIPRONO', 1, 1, 6036887, 'Sertifikat Penggalian Potensi Mahasiwa (PPM), Sertifikat ITC 2015 divisi Mobile Programming, Microsoft Virtual Academy Certificate of Completion Course Introdutcion to Mobile App Development', 0, '2016-01-01', '2016-12-31', 2016, '', 'MERSAN RT.31, DONOTIRTO, KRETEK, BANTUL, YOGYAKARTA', '085743400666', 2015, '', 'Muamalat', '5310073067', 'Baru', 24, 1, '2016-03-12 05:05:32'),
(201, '15.11.8685', 53021, 1, 'RICHO DEA PRATAMA', '1', '55201', 4, 2, '3.83', 'GATOT SUKIMIN', 3, 3, 1500000, '', 0, '2016-01-01', '2016-12-31', 2016, '', 'SENUKO RT 04/RW02, SIDOAGUNG, GODEAN, SLEMAN', '081392479254', 2015, '', 'Muamalat', '5320007011', 'Baru', 24, 1, '2016-03-12 05:08:42'),
(202, '14.02.8680', 53021, 1, 'Fani Fatina', '2', '57401', 3, 4, '3.00', 'Murdiyana', 5, 3, 500000, 'Linux Professional Institute 2016', 0, '2016-01-01', '2016-12-31', 2016, '', 'Mulungan Kulon Sendangadi Mlati Sleman Yogyakarta', '081328458334', 2014, '', 'Muamalat', '5670001913', 'Lama', 72, 1, '2016-03-12 05:09:25'),
(203, '15.12.8828', 53021, 1, 'NABILA RACHEL MIRANDA ZAEN', '2', '57201', 4, 2, '3.92', 'ZAENAL BAHRI', 3, 2, 3500000, 'ITC\r\nPPM', 0, '2016-01-01', '2016-12-31', 2016, '', 'Jl. Raya Ketandan Rt. 17/ Rw. 04 Desa Wiradesa Kec. Wiradesa Kab.Pekalongan 51152', '085869160598', 2015, '', 'Muamalat ', '5390001903', 'Baru', 24, 1, '2016-03-12 05:09:38'),
(204, '13.12.7629', 53021, 2, 'FERI NURFATONI', '1', '57201', 4, 6, '3.53', 'DIYATO', 3, 4, 24000000, 'Linux Profesional Institute', 0, '2016-01-01', '2016-12-31', 2016, '', 'Jambul 02/01 Jeporo Jatipurno Wonogiri', '089623084406', 2013, 'FERI NURFATONI', ' Bank Muamalat Indonesia', '5370003974', 'Baru', 120, 1, '2016-03-12 05:10:37'),
(205, '14.02.8677', 53021, 1, 'RAHDIKA YONI UTOMO', '1', '57401', 3, 4, '3.39', 'SURAHNO', 1, 3, 2633610, '', 0, '2016-01-01', '2016-12-31', 2016, '', 'BEDOYO KULON,BEDOYO,PONJONG,GUNUNGKIDUL', '085292475249', 2014, '', 'Muamalat', '5350007388', 'Baru', 72, 1, '2016-03-12 05:12:59'),
(206, '14.11.7851', 53021, 1, 'Riswanti Rahmawati Putri', '2', '55201', 4, 4, '3.47', 'Imam Suwondo', 2, 3, 17208048, '', 0, '2016-01-01', '2016-12-31', 2016, '', 'Semaki Gede UH 1/105 RT 23/07 YK', '', 2014, 'RISWANTI RAHMAWATI PUTRI', ' Bank Muamalat Indonesia', '5380002438', 'Baru', 72, 1, '2016-03-12 05:14:43'),
(207, '13.12.7214', 53021, 1, 'FADIYA DHANESWARA ATISATYA', '2', '57201', 4, 6, '3.62', 'Drs. Dwi Rusyanto', 2, 3, 2000000, 'Asisten Praktikum Multimedia tahun akademik 2015/2016 dengan predikat "Baik";\r\nAsisten Praktikum Pengantar Teknologi Informasi tahun akademik 2015/2016 dengan predikat "Baik".', 0, '2016-01-01', '2016-12-31', 2016, '', 'Jl. Nagan Lor 18 Yogyakarta, Patehan, Kraton, Yogyakarta', '081804346801', 2013, '', 'Muamalat', '5310070509', 'Baru', 116, 1, '2016-03-12 05:15:35'),
(208, '15.11.8923', 53021, 1, 'Tri agung budi wahyono', '1', '55201', 4, 2, '3.67', 'sugiman', 5, 4, 2500000, '', 0, '2016-01-01', '2016-12-31', 2016, '', 'purwodadi rt/rw 003/003 .kel/desa purwodadi kec.belitang mulya kab. oku timur sumatra selatan', '801532151753', 2015, '', 'Muamalat', '5380002463', 'Baru', 24, 1, '2016-03-12 05:18:44'),
(209, '14.11.8304', 53021, 1, 'Muhammad Bathinu Rosyid', '1', '55201', 4, 4, '3.06', 'Edy Rantoko', 1, 5, 4749711, 'Forseka 2014\r\nIPMKR-Y 2014-sekarang\r\nAEC 2014-sekarang', 0, '2016-01-01', '2016-12-31', 2016, '', 'Jln. Lembah Merpati Kp. Wonosari Km. 13 Tanjungpinang, Kepulauan Riau', '081364632699', 2014, '', 'Muamalat', '5310071876', 'Baru', 70, 1, '2016-03-12 05:18:48'),
(210, '15.11.9243', 53021, 1, 'NINDY DEVITA SARI', '2', '55201', 4, 2, '3.92', 'SUTOMO', 5, 2, 2000000, '', 0, '2016-01-01', '2016-12-31', 2016, 'Baru', 'KERUJON, RT/RW 003/002, KEL/DESA KRUJON, KEC. SEMENDAWAI SUKU III, KAB. OKU TIMUR, SUMATRA SELATAN', '081367418850', 2015, '', 'Muamalat', '5380002474', 'Baru', 24, 1, '2016-03-12 05:20:07'),
(211, '14.11.8072', 53021, 2, 'ADHI PRASETYO', '1', '55201', 4, 4, '3.22', 'SRIWIJI', 6, 3, 9000000, '', 0, '2016-01-01', '2016-12-31', 2016, '', 'PACALAN RT 02 RW 06, SUKOREJO, WEDI, KLATEN', '081393242422', 2014, 'ADHI PRASETYO', ' Bank Muamalat Indonesia', '5310073038', 'Baru', 72, 1, '2016-03-12 05:22:23'),
(212, '15.02.9098', 53021, 1, 'NOFA AMBARSARI', '2', '57401', 3, 2, '3.92', 'BAJIYO', 6, 3, 1500000, 'PPM\r\nITC', 0, '2016-01-01', '2016-12-31', 2016, '', 'KEPIL RT 02/06, MULO, WONOSARI, GUNUNGKIDUL', '087838586462', 2015, '', 'Muamalat', '5380002467', 'Baru', 24, 1, '2016-03-12 05:29:10'),
(213, '15.11.9332', 53021, 1, 'FAKHRUL ZAEIN', '1', '55201', 4, 2, '3.83', 'SITI HALIFAH', 3, 4, 2000000, 'Peserta Introduction to Computer (ITC) tahun 2015\r\nPeserta Penggalian Potensi Mahasiswa STMIK AMIKOM (PPM) tahun 2015\r\nPeserta Seminar FOSSIL "Linux For Everywhere" tahun 2015\r\nPeserta Pelatihan Lembaga Pendidikan Keterampilan dan Pusat Kursus INSTEKOM tahun 2016', 0, '2016-01-01', '2016-12-31', 2016, '', 'Jl. D.I. Panjaitan 31 Gg. Keluarga No. 45 Sampit (Kalimantan Tengah)', '08125093283', 2015, '', 'Muamalat', '5370004649', 'Baru', 24, 1, '2016-03-12 05:30:40'),
(214, '15.11.8789', 53021, 2, 'ADILLA GUSTIARANI', '2', '55201', 4, 2, '3.58', 'KUKUH SANTOSA', 6, 3, 12000000, '1. SERTIFIKAT PPM 2015\r\n2. SERTIFIKAT ITC 2015\r\n3. SERTIFIKAT MAHAWIRA 2015', 0, '2016-01-01', '2016-12-31', 2016, '', 'SIYONO RT 002 RW 002 BOJASARI KERTEK WONOSOBO JAWA TENGAH', '081392393444', 2015, 'ADILLA GUSTIARANI', ' Bank Muamalat Indonesia', '5380002472', 'Baru', 24, 1, '2016-03-12 05:31:07'),
(215, '13.12.7785', 53021, 1, 'AMALIA NURTIKASARI', '2', '57201', 4, 6, '3.87', 'WARYONO', 4, 3, 4909400, 'ASISTEN PRAKTIKUM MATA KULIAH STATISTIKA 2014/2015\r\nASISTEN PRAKTIKUM MATA KULIAH PENGELOLAAN INSTALASI KOMPUTER 2014/2015\r\nASISTEN PRAKTIKUM MATA KULIAH SISTEM OPERASI 2015/2016\r\nASISTEN PRAKTIKUM MATA KULIAH SISTEM BASIS DATA  2015/2016\r\nTECHNICAL SUPPORT SEMNAS TEKNOMEDIA 2016\r\nPESERTA SEMINAR METODOLOGI PENELITIAN DALAM BIDANG TEKNOLOGI INFORMASI 2015\r\nPESERTA LINUX ESSENTIAL COURSE OLEH LPI 2015', 0, '2016-01-01', '2016-12-31', 2016, '', 'PESANGGRAHAN RT/RT : 02/05 LEBAKBARANG KEC. LEBAKBARANG KAB. PEKALONGAN ', '081326637947', 2013, '', 'Muamalat', '5350006306', 'Lama', 120, 1, '2016-03-12 05:33:02'),
(216, '15.11.9337', 53021, 2, 'MAWARDI SUNDOWO', '1', '55201', 4, 2, '3.50', 'IBU PAINAH', 3, 3, 18000000, 'ITC\r\nPANITA SEMINAR AMCC\r\nPPM', 0, '2016-01-01', '2016-12-31', 2016, '', 'PLASAN, SIDOHARJO, SRAGEN. 57281\r\nJAWA TENGAH.', '085774754992', 2015, 'MAWARDI SUNDOWO', ' Bank Muamalat Indonesia', '5310072977', 'Baru', 24, 1, '2016-03-12 05:35:46'),
(217, '14.02.8716', 53021, 1, 'RAMDHAN LATHIFAH RIDHO', '1', '57401', 3, 4, '3.89', 'TUGIMAN', 3, 3, 1550000, '1. Sertifikat PPM\r\n2. Sertifikat ITC\r\n3. Sertifikat Cisco Networking Academi', 0, '2016-01-01', '2016-12-31', 2016, '', 'Bogor RT.21 RW.08, Bogor, Cawas, Klaten', '087836514545', 2014, '', 'Muamalat', '5380002170', 'Lama', 72, 1, '2016-03-12 05:36:18'),
(218, '15.11.9392', 53021, 1, 'Akhmad Zam Zam Santoso', '1', '55201', 4, 2, '3.08', 'Sardan', 1, 2, 3540562, '', 0, '2016-01-01', '2016-12-31', 2016, '', 'JL HM Sarbini No 5 Rt/Rw 002/002 Bumirejo Kebumen', '087715132555', 2015, '', 'Muamalat', '5100005525', 'Baru', 24, 1, '2016-03-12 05:36:59'),
(219, '15.11.9396', 53021, 2, 'ALIF DIRGANTORO JALU SIWI', '1', '55201', 4, 2, '3.17', 'NURHAYATI', 3, 6, 18000000, '', 0, '2016-01-01', '2016-12-31', 2016, '', 'GADINGAN RT 1/4 , SERUT , NGUTER , SUKOHARJO', '082134746148', 2015, 'ALIF DIRGANTORO JALU SIWI', ' Bank Muamalat Indonesia', '5260006114', 'Baru', 24, 1, '2016-03-12 05:37:08'),
(220, '14.02.8728', 53021, 1, 'RIYANTO', '1', '57401', 3, 4, '3.83', 'WARTO GIYONO', 5, 2, 500000, '1. Sertifikat Penggalian Potensi Mahasiswa (PPM)\r\n2. Sertifikat Basif of Information Technology (ITC)\r\n3. Sertifikat Linux Essentials course in the Cisco Networking Academy', 0, '2016-01-01', '2016-12-31', 2016, '', 'Wuluh RT.002 RW.018 Kel. Botodayaan\r\nKec. Rongkop, Gunungkidul, DI Yogyakarta, 55883', '082325038621', 2014, '', 'Muamalat', '5380002171', 'Lama', 72, 1, '2016-03-12 05:37:14'),
(221, '14.01.3409', 53021, 1, 'UMAR ABDUL AZIZ', '1', '55401', 3, 4, '3.36', 'ALYUNUSIAH', 1, 5, 3180610, '', 0, '2016-01-01', '2016-12-31', 2016, '', 'DUKUH MERBUNG GEDHE, RT02/RW03 MERBUNG, KLATEN SELATAN, KLATEN', '089674379330', 2014, '', 'Muamalat', '5260006111', 'Baru', 72, 1, '2016-03-12 05:39:59'),
(222, '13.11.7348', 53021, 1, 'Mukhlis Adi Irsyadi', '1', '55201', 4, 6, '3.87', 'Muh Jiman', 1, 2, 3205500, 'CCNA Routing and Switching, Asisten Praktikum Sistem Basis Data, Asisten Praktikum Komunikasi Data', 0, '2016-01-01', '2016-12-31', 2016, '', 'Derepan Rt08 Rw04, Menoreh, Salaman, Magelang, Jawa Tengah', '08156867738', 2013, '', 'Muamalat', '5380002149', 'Baru', 120, 1, '2016-03-12 05:41:39'),
(223, '13.12.7727', 53021, 1, 'Anggareni Shynta Widamurti', '2', '57201', 4, 6, '3.63', 'Bambang Gunarso', 1, 2, 6793090, 'Sebagai peserta Linux Essential Cisco Networking Academy', 0, '2016-01-01', '2016-12-31', 2016, '', 'Ngulu Kidul RT.03/RW.04, Pracimantoro, Wonogiri', '085229131300', 2013, '', 'Muamalat', '5370003930', 'Baru', 120, 1, '2016-03-12 05:45:51'),
(224, '14.11.8177', 53021, 2, 'Aziz Juniardy', '1', '55201', 4, 4, '3.78', 'Nur Sodiq', 5, 3, 1500000, '', 0, '2016-01-01', '2016-12-31', 2016, '', 'Karangtalun 02/01 Karangkajen Kec. Secang Kab. Magelang Jawa Tengah ', '085228249135', 2014, '', 'Muamalat', '5370004478', 'Baru', 72, 1, '2016-03-12 05:47:15'),
(225, '13.11.7196', 53021, 1, 'HAMDAN YUWAFI', '1', '55201', 4, 6, '3.88', 'Muh. Khariri', 1, 2, 4945326, 'Semnas teknomedia\r\nCCNA', 0, '2016-01-01', '2016-12-31', 2016, '', 'Desa Pulodarat RT17 RW02, Pecangaan, Jepara', '08122517939', 2013, '', 'Muamalat', '5380001851', 'Lama', 120, 1, '2016-03-12 05:47:22'),
(226, '15.02.9074', 53021, 2, 'HANIF IWANSYAH', '1', '57401', 3, 2, '3.92', 'AGUS SUPRIYONO', 6, 3, 800000, '', 0, '2016-01-01', '2016-12-31', 2016, '', 'PANDAN RT.01/02 , DESA. SUKODONO, KEC. DONOROJO, KAB. PACITAN, PROV. JAWA TIMUR', '081335120904', 2015, '', 'Muamalat', '5380002466', 'Baru', 24, 1, '2016-03-12 05:49:14'),
(227, '14.01.3457', 53021, 1, 'ADHISTI EKA PUTRI', '2', '55401', 3, 4, '3.75', 'AGUS BISONO TULUS TRIWIDODO', 3, 2, 3000000, '1. Sertfikat peserta PPM Amikom Tahun 2014\r\n2. Sertifikat Peserta Kompas Kampus 2015\r\n3. Sertifikat Peserta AMCC Seminar Microcontroller for Developer 2015\r\n4. Sertifikat Peserta SED Smart Expo Developer 2015\r\n5. Sertifkat CCNA 1\r\n6. Sertifikat CCNA 2\r\n7. Aktif menjadi reporter di Tabloid Bias Dinas Pendidikan Kota Yogyakarta ', 0, '2016-01-01', '2016-12-31', 2016, '', 'JALAN PARANGTRITIS NOMOR 137 YOGYAKARTA', '081905315999', 2014, '', 'Muamalat', '5380002452', 'Baru', 72, 1, '2016-03-12 05:52:52'),
(237, '12.12.6333', 53021, 2, 'Imaniar yunia Malik', '2', '57201', 4, 8, '3.72', 'Imam Malik', 3, 3, 6000000, 'Seminar Marketeers, seminar Technopreneur, Semnas TI dan Mulmed 2015, Asprak Matkul BP I/PBO I, Asprak Matkul Statistika, Koordinator Asprak Matkul Statistika, Asprak Matkul BP II/PBO II, Asprak Matkul PBD, Asprak Matkul PPW, DM 2 KAMMI Yogyakarta, ISB on ISO, Public Relation School, Asprak Matkul Komgraf, Koordinator Asprak Matkul Statistika, Asprak Matkul statistika, Asprak Matkul komgraf, Asprak Matkul Praktikum Akuntansi, Asprak Matkul PTI, Anggota Keamanan 2013, Tentor PBT, Go Into Battle With THE RIGHT WEAPON, Talkshow Pemilu 2014, Semnas Mengembalikan Ketahanan Energi Nasional, Wakil Mentri Badan Usaha Milik BEM, Semnas Mengembalikan ketahanan energi nasional, Dialog Kebagngsaan, Fighter School Academy III, Badan Pengurus Harian Bidang Kemuslimahan UKI JASHTISH, AMIKOM Zero polution day\r\nSemarak Qurban kampus ungu, CAWOS : BLENDER 3D, Desa Minat IT, Seminar of Typogaphy, Seminar Game Technopreneur, Kongres Pemuda Bangsa, Workshop "Introduction to Computer 2012"', 0, '2016-01-01', '2016-12-31', 2016, '', 'Dusun IV Sukajaya  RT 022 RW 008  Teluk Dalem Mataram Baru Lampung Timur Lampung.', '085799886067', 2012, 'Imaniar yunia Malik', ' Bank Muamalat Indonesia', '5370003386', 'Lama', 138, 1, '2016-03-12 06:33:20'),
(238, '15.01.3619', 53021, 2, 'RINI MARETA', '2', '55401', 3, 2, '3.33', 'MASLIAN', 5, 4, 6000000, '1. Sertifikat Benchmaking Management Stategic Public Relation Bank Muamalat\r\n2. Sertifikat Workshop Komunikasi Dan Standar Protokoler Vip\r\n3. Sertifikat Kegiatan Penggalian Potensi Mahasiswa (PPM) Tanggal 8-10 September 2015\r\n4. Sertifikat Introduction To Computer 2015 : Smart People In Smart Technology Dalam Divisi Web Design\r\n5. Sertifikat Linux For Everywhere Tanggal 16 Oktober 2015', 0, '2016-01-01', '2016-12-31', 2016, '', 'Desa Durian Seginim Kecamatan Seginim Kabupaten Bengkulu Selatan Provinsi Bengkulu', '082373232045', 2015, 'Rini Mareta', ' Bank Muamalat Indonesia', '4730004846', 'Baru', 24, 1, '2016-03-12 06:53:15'),
(239, '15.11.8696', 53021, 1, 'Oktavia', '2', '55201', 4, 2, '3.92', 'Hamdani', 3, 2, 5000000, '', 0, '2016-01-01', '2016-12-31', 2016, '', 'Desa Air Lintang Kecamatan Tempilang Kabupaten Bangka Barat Provinsi Bangka Belitung', '081377707999', 2015, '', 'Muamalat', '5370004637', 'Baru', 24, 1, '2016-03-12 07:07:58'),
(240, '15.11.8669', 53021, 1, 'Adhe Zhaputri', '2', '55201', 4, 2, '3.92', 'Imam Slamet Santoso', 6, 3, 1716000, '', 0, '2016-01-01', '2016-12-31', 2016, '', 'Jl.Asakinah RT 17 Balikpapan Selatan, Kalimantan Timur', '082111389036', 2015, '', 'Muamalat', '5370004631', 'Baru', 24, 1, '2016-03-12 07:08:27'),
(241, '15.11.8687', 53021, 1, 'Sri Suryati', '2', '55201', 4, 2, '3.58', 'Haryono', 6, 2, 2000000, '', 0, '2016-01-01', '2016-12-31', 2016, '', 'Sirongge Rt 02 Rw 07 Kec. Pandanaraum Kab. Banjarnegara', '085643886949', 2015, '', 'Muamalat', '5370004636', 'Baru', 24, 1, '2016-03-12 07:11:00'),
(242, '15.11.8657', 53021, 1, 'Lucky Liquida', '2', '55201', 4, 2, '3.67', 'Sabandono', 6, 1, 3465157, '', 0, '2016-01-01', '2016-12-31', 2016, '', 'Jln.Wijiadisoro KG II/33A RT/RW 002/001 Prenggan Kotagede Yogyakarta', '08121568130', 2015, '', 'Muamalat', '5370004632', 'Baru', 24, 1, '2016-03-12 07:11:39'),
(243, '15.11.9330', 53021, 1, 'AMALIA EKA TRISNAWATI', '2', '55201', 4, 2, '3.67', 'SUTRISNO', 4, 5, 5994895, '', 0, '2016-01-01', '2016-12-31', 2016, '', 'BTN BERINGIN BLOK D NO. 7 Kota Kendari, Sulawesi Tenggara', '081341766130', 2015, '', 'Muamalat', '5350007411', 'Baru', 24, 1, '2016-03-12 07:12:00'),
(244, '14.11.8165', 53021, 1, 'Hanif Widi Widodo', '1', '55201', 4, 4, '3.61', 'Turut Waluyo', 6, 4, 1200000, '', 0, '2016-01-01', '2016-12-31', 2016, '', 'Brengkol 002/001, Pituruh, Purworejo, Jawa Tengah', '081221451950', 2014, '', 'Muamalat', '5310072993', 'Baru', 72, 1, '2016-03-12 07:16:52'),
(245, '14.11.8057', 53021, 1, 'REPAN OCTOVAN', '1', '55201', 4, 4, '3.72', 'ROSMARENI RAZALI', 3, 3, 2000000, 'CCNA Routing and Switching: Introduction to Networks Certificate', 0, '2016-01-01', '2016-12-31', 2016, '', 'Jalan Gajah Mada, no 44,  Desa Kalinilam, Ketapang, Kalimantan Barat', '081345517099', 2014, '', 'Muamalat', '5390001904', 'Baru', 72, 1, '2016-03-12 07:17:49'),
(246, '14.11.8141', 53021, 1, 'Fajar Priambodo', '1', '55201', 4, 4, '3.58', 'Eko Yulianto', 5, 2, 1000000, '', 0, '2016-01-01', '2016-12-31', 2016, '', 'Kabekelan rt 07 / rw 02\r\nPrembun, Kebumen', '085878765000', 2014, '', 'Muamalat', '5310072995', 'Baru', 72, 1, '2016-03-12 07:17:53'),
(247, '14.01.3330', 53021, 2, 'Febrian Bayu Anggara Putra', '1', '55401', 3, 4, '3.39', 'Siswanto', 6, 5, 12000000, 'Cisco Networking Academy - Certificate of Course Completion (Februari 11, 2016', 0, '2016-01-01', '2016-12-31', 2016, '', 'Karangnongko RT/RW 02/01, Sumberejo, Klaten Selatan, Klaten', '085647327516', 2014, 'Febrian Bayu Anggara Putra', ' Bank Muamalat Indonesia', '5260006098', 'Baru', 69, 1, '2016-03-12 07:20:46'),
(248, '14.01.3453', 53021, 1, 'Titis Baskoro Aji', '1', '55401', 3, 4, '3.75', 'Rokhmat', 1, 3, 5702932, 'Peserta Smart Expo Developer 2015,\r\nPeserta Seminar Nasional Indonesia Goes to Nuclear Power Plan and IT for Life 2015,\r\nPeserta Penggalian Potensi Mahasiswa STMIK AMIKOM YOGYAKARTA 2014,\r\nPeserta Introduction To Computer 2014,\r\nCompleting the Cisco CCNA Routing and Switching : Introduction to Networks course as part of the Cisco Networking Academy program,\r\nCompleting the Cisco CCNA Routing and Switching : Routing and Switching Essential course as part of the Cisco Networking Academy program', 0, '2016-01-01', '2016-12-31', 2016, '', 'Bawang RT2 RW5, Kecamatan Bawang, Kabupaten Banjarnegara, Jawa Tengah', '085647711414', 2014, '', 'Muamalat', '5350007401', 'Baru', 72, 1, '2016-03-12 07:21:12'),
(249, '14.01.3358', 53021, 1, 'NUROHMAD WAHYU WIBOWO', '1', '55401', 3, 4, '3.22', 'Nurohmad Setyawan Hardani', 2, 4, 2930000, 'Sertifikat PPM\r\nSertifikat ITC\r\nSertifikat SED\r\nSertifikat CCNA 1\r\nSertifikat CCNA 2\r\nSertifikat Microsoft', 0, '2016-01-01', '2016-12-31', 2016, '', 'Jetis, Rt 01 / Rw 05, Jetis, Klaten Selatan, Klaten 57421', '085229695990', 2014, '', 'Muamalat', '5310073016', 'Baru', 72, 1, '2016-03-12 07:21:26'),
(250, '14.01.3356', 53021, 2, 'ABDUL ROCHMAN NUR ARIFAN', '1', '55401', 3, 4, '3.03', 'TRI AMINAH MAESAROH', 2, 2, 36000000, 'Sertifikasi CCNA 2', 0, '2016-01-01', '2016-12-31', 2016, '', 'Pejuang Pratama blok G 20 RT02 RW06 KEL.PEJUANG KEC.MEDAN SATRIA Kota Bekasi', '081210336849', 2014, 'ABDUL ROCHMAN NUR ARIFAN', ' Bank Muamalat Indonesia', '5310073018', 'Baru', 72, 1, '2016-03-12 07:21:53'),
(251, '14.11.8408', 53021, 1, 'Malia Rahmawati', '2', '55201', 4, 4, '3.56', 'Amir', 1, 2, 3480028, '', 0, '2016-01-01', '2016-12-31', 2016, '', 'Bakulan RT 01 Trirenggo Bantul Yogyakarta', '081915553229', 2014, '', 'Muamalat', '5670002393', 'Baru', 72, 1, '2016-03-12 07:23:03'),
(252, '13.12.7147', 53021, 2, 'ILSYAFFANA', '2', '57201', 4, 6, '3.85', 'MUZAKI', 3, 4, 2500000, '1.Instruktur ITC 2015  at STMIK Amikom\r\n2.peserta Cisco Network Academy 2015  at STMIK Amikom\r\n3.Peserta Seminar Nasional 2014  at STMIK Amikom\r\n4.Peserta Coloring Of art 2014  at STMIK Amikom\r\n5.Peserta PPM 2013 2013  at STMIK Amikom\r\n6. Peserta ITC 2013 at STMIK Amikom\r\n7.Peserta Writing List 2013 at UGM', 0, '2016-01-01', '2016-12-31', 2016, '', 'Jl. Raya Gotri- Welahan Km.01, Robayan RT:14/03, Kalinyamatan, Jepara, Jawa Tengah', '085290395755', 2013, '', 'Muamalat', '5350006275', 'Baru', 120, 1, '2016-03-12 07:24:11'),
(253, '15.12.8588', 53021, 1, 'HUDAIFAH', '1', '57201', 4, 2, '3.92', 'SUPARNO', 3, 3, 3500000, '1. SERTIFIKAT INDRODUCTION TO COMPUTER 2015\r\n2. SERTIFIKAT PENGGALIAN POTENSI MAHASISWA 2015', 0, '2016-01-01', '2016-12-31', 2016, '', 'JL. DIPONEGORO KEL.MELAYU KEC. ASAKOTA KOTA BIMA PROVINSI NTB', '081237475391', 2015, '', 'Muamalat', '5380002480', 'Baru', 24, 1, '2016-03-12 07:25:37'),
(254, '15.12.8600', 53021, 1, 'Arman Zulfikri Fardiansyah', '1', '57201', 4, 2, '3.83', 'Mujayanah', 3, 2, 2000000, 'Sertifikat PPM', 0, '2016-01-01', '2016-12-31', 2016, '', 'Jln.Hasyim Asyari Genteng,Banyuwangi rt02  rw04087793', '087793367093', 2015, '', 'Muamalat', '5380002482', 'Baru', 24, 1, '2016-03-12 07:27:21'),
(255, '15.12.8589', 53021, 1, 'Muhammad Adnan Pamungkas', '1', '57201', 4, 2, '3.67', 'Dahari', 1, 4, 6579494, 'Sertifikat PPM\r\nSertifikat ITC', 0, '2016-01-01', '2016-12-31', 2016, '', 'Perum Soka Asri Permai blok U-12, Purwomartani, Kalasan, Sleman, Yogyakarta', '08156881678', 2015, '', 'Muamalat', '5380002481', 'Baru', 24, 1, '2016-03-12 07:27:54'),
(256, '14.11.7922', 53021, 2, 'Arifin Bagaskoro', '1', '55201', 4, 4, '3.47', 'Mardiyono', 6, 2, 6000000, 'Introduotion to computer 2014\r\nPPM STMIK AMIKOM Yogyakarta 2014\r\nCCNA 1 2016', 0, '2016-01-01', '2016-12-31', 2016, '', 'Kebonagung RT 02 RW 30, Tridadi, Sleman, Yogyakarta', '085712752131', 2014, 'Arifin BAgaskoro', ' Bank Muamalat Indonesia', '5380002490', 'Baru', 72, 1, '2016-03-12 07:29:15'),
(257, '14.12.8040', 53021, 1, 'Enie Yuliani', '2', '57201', 4, 4, '3.94', 'Pandi Asmono', 1, 3, 3635934, '', 0, '2016-01-01', '2016-12-31', 2016, '', 'Panjen, RT.06/RW.32, Maguwoharjo Depok Sleman Yogyakarta', '081215315349', 2014, '', 'Muamalat', '5670001923', 'Lama', 72, 1, '2016-03-12 07:31:41'),
(258, '13.11.7176', 53021, 1, 'UPIK PARANITA', '2', '55201', 4, 6, '3.82', 'SRI WULAN WURYANTI', 2, 1, 2182925, '', 0, '2016-01-01', '2016-12-31', 2016, '', 'REJOMULYO, CANDI,AMPEL, BOYOLALI, JAWA TENGAH', '082134688359', 2013, '', 'Muamalat', '5370003576', 'Baru', 120, 1, '2016-03-12 07:32:53'),
(259, '14.11.8438', 53021, 1, 'muhammad yusuf murtadha', '1', '55201', 4, 4, '3.64', 'Slamet Suprayitno', 1, 1, 4731847, '1. cisco network academy tahun 2016\r\n2. PPM STMIK AMIKOM tahun 2014\r\n3. Boot Camp Fossil STIMIK AMIKOM 2015\r\n', 0, '2016-01-01', '2016-12-31', 2016, '', 'Nogosari, sidokarto, godean, sleman, yogyakarta', '081325258560', 2014, '', 'Muamalat', '5370004647', 'Baru', 72, 1, '2016-03-12 07:33:16'),
(260, '14.12.8008', 53021, 1, 'Nafa Diniah', '2', '57201', 4, 4, '3.78', 'Sudinem', 1, 3, 4830425, '', 0, '2016-01-01', '2016-12-31', 2016, '', 'Dusun 3 RT 006/RW 003 Banjar Agung Mataram, Seputih Mataram, Lampung Tengah, Lampung', '085841251513', 2014, '', 'Muamalat', '5380002497', 'Baru', 72, 1, '2016-03-12 07:33:46'),
(261, '14.11.7884', 53021, 1, 'WISNU DWI HARIANTO', '1', '55201', 4, 4, '3.83', 'HARI AGUS SUPRAPTO', 1, 3, 5219000, '1. PPM 2014\r\n2. ITC 2014\r\n3. Seminar FOSSIL 2014\r\n4. CISCO CCNA1 2016', 0, '2016-01-01', '2016-12-31', 2016, '', 'PURI UTARA 2C/19 RT.06 RW.16 KEDUNGWUNI, PEKALONGAN', '081548025127', 2014, '', 'Muamalat', '5380002451', 'Baru', 72, 1, '2016-03-12 07:36:52'),
(262, '15.11.9384', 53021, 1, 'Rian Rahmawan Putra', '1', '55201', 4, 2, '3.83', 'Sunarko', 1, 2, 7016398, 'PPM 2015\r\nPKKM 2013\r\nOSMB 2013\r\nPanitia OSMB 2014\r\nSeminar Nasional\r\nKerja Sama LPSK', 0, '2016-01-01', '2016-12-31', 2016, '', 'Perum. Saphire Regency B 11\r\nKel. Kober, Kec. Purwokerto Barat\r\nKab. Banyumas, Jawa Tengah', '085227440555', 2015, '', 'Muamalat', '5370004540', 'Baru', 24, 1, '2016-03-12 07:37:12'),
(263, '14.11.7908', 53021, 1, 'MOHAMMAD AMIR UDIN', '1', '55201', 4, 4, '3.56', 'SUPRIKTO', 5, 2, 600000, 'Sertifikat PPM (penggalian potensi mahasiswa)\r\nsertifikat CISCO', 0, '2016-01-01', '2016-12-31', 2016, '', 'Krajan Putatsari 009/001,Grobogan,Grobogan,Jawa Tengah', '085295913676', 2014, '', 'Muamalat', '5380002493', 'Baru', 72, 1, '2016-03-12 07:37:45'),
(264, '15.11.9347', 53021, 1, 'Riedhan Octa Aufa', '1', '55201', 4, 2, '3.50', 'Budianto', 2, 4, 2700000, 'PPM', 0, '2016-01-01', '2016-12-31', 2016, '', 'Perum Djarum Getas Pejaten Rt 09 Rw 02 No.129 Kecamatan Jati Kabupaten Kudus', '085817379547', 2015, '', 'Muamalat', '5370004654', 'Baru', 24, 1, '2016-03-12 07:37:56'),
(265, '14.11.7985', 53021, 1, 'SEWINDU PUTRO', '1', '55201', 4, 4, '3.58', 'SUKIJAN', 3, 1, 2000000, '', 0, '2016-01-01', '2016-12-31', 2016, 'BARU', 'MUNGGI PASAR, RT 04 RW 31, SEMANU, SEMANU, GUNUNGKIDUL', '08179432497', 2014, '', 'Muamalat', '5670001917', 'Baru', 72, 1, '2016-03-12 07:38:24'),
(266, '14.01.3380', 53021, 2, 'Ryan Dwi Septyawan', '1', '55401', 3, 4, '3.36', 'Mulyono', 2, 2, 850, '1. Smart Expo Developer 2015\r\n2. Introduction To Computer 2014\r\n3. PPM 2014', 0, '2016-01-01', '2016-12-31', 2016, '', 'Gedongkiwo MJI/769 RT 44 RW 09 Yogyakarta', '0274372403', 2014, '', 'Muamalat', '5320006991', 'Baru', 72, 1, '2016-03-12 07:40:45'),
(267, '15.11.9373', 53021, 2, 'mushthofa', '1', '55201', 4, 2, '3.00', 'zainuddin', 5, 7, 0, 'sertifikat PPM\r\n', 0, '2016-01-01', '2016-12-31', 2016, '', 'Beringin jaya, kec. torgamba, kab. labusel, prov.sumut', '082391493936', 2015, 'mushthofa', ' Bank Muamalat Indonesia', '5380002471', 'Baru', 24, 1, '2016-03-12 07:44:46'),
(268, '14.01.3398', 53021, 2, 'Ridwan Nugroho', '1', '55401', 3, 4, '3.61', 'Sutadi', 5, 1, 10800000, '', 0, '2016-01-01', '2016-12-31', 2016, '', 'Molodono rt1 / rw3 lumbungrejo, tempel, slemna, yogyakarta 55552', '081904219199', 2014, 'Ridwan Nugroho', ' Bank Muamalat Indonesia', '5350007408', 'Baru', 72, 1, '2016-03-12 07:48:52'),
(269, '14.01.3431', 53021, 1, 'VERA INDAH LESTARI', '2', '55401', 3, 4, '3.53', 'TUKIMAN BUDI SANTOSO', 6, 2, 800000, '', 0, '2016-01-01', '2016-12-31', 2016, '', 'PUNDUNGSARI, KARANGASEM, CAWAS, KLATEN', '085642364688', 2014, '', 'Muamalat', '5380002457', 'Baru', 72, 1, '2016-03-12 07:49:53'),
(270, '14.01.3424', 53021, 1, 'FAISSATUL NURUL HIDAYAH', '2', '55401', 3, 4, '3.61', 'SUTADI', 1, 5, 3209503, '', 0, '2016-01-01', '2016-12-31', 2016, '', 'DOMPOL RT 12/ RW 06 DOMPOL KEMALANG KLATEN', '085229937856', 2014, '', 'Muamalat', '5380002453', 'Baru', 72, 1, '2016-03-12 07:50:41'),
(271, '14.01.3325', 53021, 1, 'Aga Chandra Purnama', '1', '55401', 3, 4, '3.77', 'Heru Prawoto', 1, 2, 4000000, '', 0, '2016-01-01', '2016-12-31', 2016, '', 'Sumbersari RT 03/RW 10, Prawatan, Jogonalan, Klaten', '081240398737', 2014, '', 'Muamalat', '5260006113', 'Baru', 70, 1, '2016-03-12 07:51:55'),
(272, '13.11.6989', 53021, 1, 'NOVRI DWI PERMANA', '1', '55201', 4, 6, '3.25', 'SUTARI S.HUT', 1, 2, 5636803, '1. SERTIFIKAT AMCC (MEMBER UKM AMIKOM COMPUTER CLUB)\r\n2. SERTIFIKAT HMJTI (PESERTA SEMINAR AMIKOM RESEARCH START UP)\r\n3. CCNA CERTIFICATE OF COURSE COMPLETION\r\n4. SERTIFIKAT GANA (PESERTA SEMINAR GANA)\r\n5. SERTIFIKAT SED (PESERTA SMART EXPO DEVELOPER 2014)\r\n6. SERTIFIKAT GANA (PESERTA SEMINAR ANTI NARKOBA DAN HIV AIDS)\r\n7. SERTIFIKAT INTERNATIONAL "HOW TO BECOME AN IT ENTERPRENEUR\r\n8. SERTIFIKAT SEMINAR  NASIONAL "INDONESIA GOES TO NUCLEAR POWER PLAN AND IT FOR LIFE\r\n9. SERTIFIKAT TOEFL\r\n10. SERTIFIKAT SEMINAR XMARTCITY (A PARTICIPANT IN A PUBLIC LECTURE)\r\n11. SERTIFIKAT OPTIMIZING YOUR SYSTEM\r\n12. SERTIFIKAT PENGGALIAN POTENSI MAHASISWA (PPM)', 0, '2016-01-01', '2016-12-31', 2016, '', 'JL. PIERE TENDEAN, LORONG SMU N 4 KOTAMOBAGU, SULAWESI UTARA, INDONESIA', '085240432205', 2013, '', 'Muamalat', '8620011661', 'Baru', 106, 1, '2016-03-12 07:56:38'),
(273, '15.11.8937', 53021, 1, 'Muhammad Mariko', '1', '55201', 4, 2, '3.83', 'Muhammad Amin', 5, 4, 1500000, '1.Sertifikat  jambore mahasiswa muslim\r\n2.Sertifikat penggalian potensi mahasiswa\r\n3.Sertifikat Kajiah Live Cah Kuliahan "Outstanding Movement"\r\n4.Sertifikat Introduction To Computer 2015\r\n5. Sertifikat Awesome Apps On Universal Windows Platform', 0, '2016-01-01', '2016-12-31', 2016, '', 'JL.Lintas sumatra, Sungai binjai, Bathin III, Muaro bungo, Jambi', '085382574311', 2015, '', 'Muamalat', '5380002487', 'Baru', 24, 1, '2016-03-12 07:57:00'),
(274, '15.02.9041', 53021, 1, 'Ahmad Subhan Agung Pambudi', '1', '57401', 3, 2, '3.83', 'Sutrisno', 3, 4, 5000000, 'Penggalian Potensi Mahasiswa (PPM), Seminar Webpreneur, ITC', 0, '2016-01-01', '2016-12-31', 2016, '', 'Dangkrang RT 01 RW 06 Purwantoro, Wonogiri, Jawa Tengah', '081329327326', 2015, '', 'Muamalat', '5370004639', 'Baru', 24, 1, '2016-03-12 07:58:26'),
(275, '15.11.8913', 53021, 1, 'Bekti Surya Kusuma', '1', '55201', 4, 2, '3.92', 'Gaib Sudaryanto', 1, 2, 2724500, 'Sertifikat sebagai peserta PPM di STMIK AMIKOM Yogyakarta\r\nSertifikat sebagai peserta  Introduction To Computer\r\nSertifikat sebagai peserta Seminar Nasional Internet Of Things', 0, '2016-01-01', '2016-12-31', 2016, '', 'Karangijo Kulon, RT 05/ RW 01, Ponjong, Ponjong Gunungkidul', '08121570489', 2015, '', 'Muamalat', '5380002469', 'Baru', 24, 1, '2016-03-12 07:58:30'),
(276, '14.11.8171', 53021, 1, 'MOHAMAD ROIS NGA''INUL YAKIN', '1', '55201', 4, 4, '3.89', 'TUMIJO', 2, 2, 1250000, '1. Bootcamp "Access Forbidden"\r\n2. Seminar & Workshop "The Secret to Develop Mobile Hybrid Application with Jquery Mobile"\r\n3. Workshop "Introduction to Computer"\r\n4. Seminar "Microcontroler For Developer"\r\n5. Seminar Nasional "Network Attached Storage"\r\n6. Seminar Teknologi Bigdata\r\n7. Seminar Internasional "Business Opportunities for Big Data and Cloud Computing"\r\n8. Instruktur ITC 2015\r\n9. CCNA1 "Routing and Switching: Introduction to Networks"', 0, '2016-01-01', '2016-12-31', 2016, '', 'RT:03/RW:01 Ds.Karangrejo, Kec.Kampak, Kab. Trenggalek \r\nJawa Timur', '081331597156', 2014, '', 'Muamalat', '5370004341', 'Baru', 72, 1, '2016-03-12 08:00:02'),
(277, '13.01.3172', 53021, 1, 'Mohammad Wahid Rizaldi', '1', '55401', 3, 6, '3.87', 'ISMANTOYO', 3, 4, 4000000, '1. sertifikat asisten praktikum pemrograman berorentasi objek 1 tahun ajaran 2014/2015\r\n2. sertifikat asisten praktikum terbaik pemrograman berorentasi objek 1 tahun ajaran 2014/2015\r\n3. sertifikat asisten praktikum pemrograman basis data tahun ajaran 2015/2016\r\n4. sertifikat asisten praktikum pemrograman web tahun ajaran 2015/2016\r\n5. sertifikat ppm (penggalian potensi mahasiswa)\r\n6. seminar amcc\r\n7. seminar XmartCity\r\n8. sertifikat SED (Smart Expo Developer)\r\n9. seminar metodologi penelitian dan pelatihan ta / skripsi\r\n10. seminar metodologi penelitian dalam bidang teknologi informasi', 0, '2016-01-01', '2016-12-31', 2016, '', 'jl. Singojoyo V no.6 rt.19 rw.03 Bangah Gedangan, SIDOARJO', '08121756892', 2013, '', 'Muamalat', '2080000103', 'Baru', 110, 1, '2016-03-12 08:01:25'),
(278, '15.11.8908', 53021, 1, 'Achmad Ilham Maulana', '1', '55201', 4, 2, '4.00', 'Nike Triwahyuningsih', 1, 4, 5846632, '', 0, '2016-01-01', '2016-12-31', 2016, '', 'Karanggede RT 01, Pendowoharjo, Sewon, Bantul, Yogyakarta', '087838359000', 2015, '', 'Muamalat', '5380002433', 'Baru', 24, 1, '2016-03-12 08:01:34'),
(279, '14.12.8276', 53021, 2, 'FITRIYA NENGSI HUKUL', '2', '57201', 4, 4, '3.33', 'AISAH SOLEMAN', 3, 1, 500000, 'PERNAH MENDAPATKAN AWARD THE BEST WEB DESIGN PADA EVENT HARI IBU YANG DISELENGGARAKAN OLEH UKM KOMA, DAN PERNAH MENGIKUTI TEBAS UNTUK PHOTOGRAPHER CONTEST', 0, '2016-01-01', '2016-12-31', 2016, '', 'JL.SOABALI SK.12/10', '082198971133', 2014, '', 'Muamalat', '5370004361', 'Lama', 72, 1, '2016-03-12 08:02:49'),
(280, '14.11.8133', 53021, 1, 'Cia Andiyoko', '1', '55201', 4, 4, '3.69', 'Tjhia Sui Kian', 3, 5, 2500000, '1. Certificate of Course CCNA Routing and Switching Introduction to Network\r\n2. Sertifikat Penggalian Potensi Mahasiswa (PPM) di STMIK AMIKOM  Yogyakarta\r\n3. Certificate of Course Completion CISCO\r\n4. Certificate of Appreciation Introduction to Computer 2014 (ITC)\r\n5. Certificate of Seminar Nasional Network Attached Storage', 0, '2016-01-01', '2016-12-31', 2016, '', 'Jln. Gatot Subroto No. 154 RT 20 RW 03 Kroya. Cilacap.', '08122704018', 2014, '', 'Muamalat', '5460002505', 'Baru', 72, 1, '2016-03-12 08:02:49'),
(281, '14.11.8054', 53021, 1, 'Riko Rahmanto', '1', '55201', 4, 4, '3.75', 'CASMAT', 6, 3, 800000, '', 0, '2016-01-01', '2016-12-31', 2016, '', 'Kepil RT/RW 004/007 Mulo, Wonosari, Gunungkidul', '089631471867', 2014, '', 'Muamalat', '5310073036', 'Baru', 72, 1, '2016-03-12 08:03:13'),
(282, '15.11.8912', 53021, 1, 'BETA PRIYOKO', '1', '55201', 4, 2, '3.92', 'KASINI', 1, 2, 5578730, '', 0, '2016-01-01', '2016-12-31', 2016, '', 'Kemiri Rt04/Rw06 Kemiri Tanjungsari Gunungkidul', '082242533042', 2015, '', 'Muamalat', '5380002434', 'Baru', 24, 1, '2016-03-12 08:04:03'),
(283, '14.11.8144', 53021, 1, 'Zein Rizqa Akbar', '1', '55201', 4, 4, '3.86', 'Muhammad', 1, 3, 6957489, '1. Certificate of Course Completion: CCNA Routing and Switching: Introduction to Networks ( February 11 2016)\r\n2. Certificate of Participant in Seminar & Workshop "The Secret to Develop Mobile Hybrid Application with Jquery Mobile" (December 20 2015\r\n3. Certificate in recognition of the significant contribution to International Seminar "Business Opportunities for Big Data and Cloud Computing". (March 14 2015)\r\n4. Sertifikat atas partisipasi sebagai peserta Smart Expo Developer 2015 "Technology for Better Future" (10 Juni 2015)', 0, '2016-01-01', '2016-12-31', 2016, '', 'Jalan Sultan Adam Komplek Pondok Kelapa 1 Rt.13 No.33, Kelurangan Sungai Miai, Kecamatan Banjarmasin Utara, Kota Banjarmasin, Provinsin Kalimantan Selatan', '085345111134', 2014, '', 'Muamalat', '5320006982', 'Baru', 72, 1, '2016-03-12 08:04:15'),
(284, '15.11.8826', 53021, 1, 'Satria Surya Adi Utomo', '1', '55201', 4, 2, '3.50', 'Ir. Murkaeni Budiutomo', 2, 4, 4000000, '', 0, '2016-01-01', '2016-12-31', 2016, '', 'Jln. Mahoni M -19 Griya Wonolelo Indah, Muntilan, Magelang', '0818267399', 2015, '', 'Muamalat', '5310073086', 'Baru', 24, 1, '2016-03-12 08:08:56'),
(285, '13.12.7630', 53021, 2, 'DHEVY HANNA RAHMAWATI', '2', '57201', 4, 6, '3.52', 'JAMARI', 3, 2, 24000000, '1. PESERTA SEMINAR CRAETIVE ANIMATIO & GAMING INDUSTRY\r\n2. LINUX PROFESSIONAL INSTITUTE\r\n3. PESERTA PELATIHAN TA & SKRIPSI 2016', 0, '2016-01-01', '2016-12-31', 2016, '', 'JALAN MANGUN SARKORO NO. 72 RT 03/04 PANGGANG, JEPARA, JAWA TENGAH', '081326352575', 2013, 'DHEVY HANNA RAHMAWATI', ' Bank Muamalat Indonesia', '5380002178', 'Baru', 120, 1, '2016-03-12 08:09:45'),
(286, '12.11.6415', 53021, 2, 'Sidiq Purnama', '1', '55201', 4, 8, '3.57', 'Susanti', 6, 3, 18000000, 'Asisten Praktikum Berprestasi Mata Kuliah Hardware/Software I Semester Genap TA. 2013/2014 STMIK AMIKOM Yogyakarta, Asisten Praktikum Mata Kuliah Komunikasi Data Semester Genap TA. 2013/2014 dengan predikat Baik STMIK AMIKOM Yogyakarta,  Pemakalah Sekaligus Penyaji Seminar Nasional Teknologi Informasi dan Multimedia 2016, Panitia Smart Expo Developer 2014, Seminar Nasional “PERAN PEMUDA DALAM MEMBANGUN JATI DIRI BANGSA” 2013,  Peserta Gelar Karya Mahasiswa Hardware and Software 2013,  Fighter School Academy III\r\n', 0, '2016-01-01', '2016-12-31', 2016, '', 'Jl. Raya Tebas Timur Dusun. Asam Kanis Rt. 18 / RW. 09/ no. 28, Desa Tebas Kuala, Kec. Tebas, Kab. Sambas, Kalimantan Barat', '082158400451', 2012, 'Sidiq Purnama', ' Bank Muamalat Indonesia', '5370003693', 'Baru', 120, 1, '2016-03-12 08:21:59'),
(287, '13.01.3235', 53021, 1, 'Emiliyana Sunara Eka Putri', '2', '55401', 3, 6, '3.85', 'FX. Sunardi', 6, 3, 500000, '1. Anggota Divisi Web Programming AMCC\r\n2. Asisten Praktikum Mata Kuliah Keterampilan Komputer dan Pengelolaan Informasi Semester Ganjil Tahun Ajaran 2014/2015\r\n3. Asisten Praktikum Mata Kuliah Komputer Grafis Semester GenapTahun Ajaran 2014/2015\r\n4. Asisten Praktikum Mata Kuliah Multimedia Semester Ganjil Tahun Ajaran 2015/2016\r\n5. Asisten Praktikum Mata Kuliah Struktur Data Semester GenapTahun Ajaran 2014/2015\r\n6. Digital Literacy - Computer Basic\r\n7. Digital Literacy - Computer Security and Privacy\r\n8. Digital Literacy - Digital Lifestyle\r\n9. Digital Literacy - Finding and Evaluating Resource on the Web\r\n10. Digital Literacy - Productifity Programs\r\n11. Digital Literacy - The Internet and the World Wide Web\r\n12. Digital Literacy - Using Social Networking to Connect With the World\r\n13. Digital Literacy - Writing a Great Resume by Using Microsoft Office Word\r\n14. Gathering dan Apresiasi "Harmony Organization"\r\n15. Peserta Introduction To Computer 2013\r\n16. Instruktur Introduction To Computer 2014\r\n17. Koordinator Kesekretariatan Introduction To Computer 2015\r\n18. Koordinator Mata Kuliah Pemrograman Web Semester Ganjil 2015/2016\r\n19. Microsoft Digital Literacy\r\n20. Anggota Kesekretariatan Pekan Ilmiah, Olahraga dan Seni Mahasiswa 2015\r\n21. Peserta Penggalian Potensi Mahasiswa 2013\r\n22. Anggota P3K Penggalian Potensi Mahasiswa 2014\r\n23. Peserta Revitalisasi Kekayaan Budaya Daerah Melalui Musik Bambu\r\n24. Peserta Sarasehan Budaya Spiritual DIY\r\n25. Sekretaris Seminar "Microcontroller For Developer"\r\n26. Peserta Seminar Kesehatan "Kanker Serviks dan Proteksinya"\r\n27. Peserta Seminar "Merging the Real World and the Virtual World : Computing Everywhere, The Internet of Thing, 3D Printing"\r\n28. Technical Support Seminar Nasioanal Teknologi Informasi dan Multimedia 2016\r\n29. Peserta Seminar WPAP "Coloring of Art"\r\n30. Sekretaris Sharing Session 2 "Learn CRUD Inside Web Portal"\r\n31. Peserta Smart Expo Develper 2014\r\n32. Crew Workshop "Easy Developing Mobile Apps"', 0, '2016-01-01', '2016-12-31', 2016, '', 'Destan, Mulyodadi, Bambanglipuro, Bantul', '085729486002', 2013, '', 'Muamalat', '5350006291', 'Baru', 110, 1, '2016-03-12 08:26:53');
INSERT INTO `data_mahasiswa` (`mahasiswa_no_urut`, `mahasiswa_npm`, `mahasiswa_kdpti`, `mahasiswa_beasiswa`, `mahasiswa_nama`, `mahasiswa_jk`, `mahasiswa_kode_prodi`, `mahasiswa_jenjang`, `mahasiswa_smt`, `mahasiswa_ipk`, `mahasiswa_nama_ortu`, `mahasiswa_pekerjaan`, `mahasiswa_jml_tanggungan`, `mahasiswa_penghasilan`, `mahasiswa_prestasi`, `mahasiswa_n_prestasi`, `mahasiswa_mulai_bulan`, `mahasiswa_selesai_bulan`, `mahasiswa_tahun`, `mahasiswa_keterangan`, `mahasiswa_alamat`, `mahasiswa_telepon`, `mahasiswa_tahun_masuk`, `mahasiswa_nama_mhs_direkening`, `mahasiswa_nama_bank`, `mahasiswa_no_rekening`, `mahasiswa_status`, `mahasiswa_sks`, `mdb`, `mdd`) VALUES
(288, '12.12.6637', 53021, 1, 'Etika Ernawati', '1', '57201', 4, 8, '3.94', 'Warmat', 5, 2, 2000000, '1. Sertifikat sebagai peserta pada kegiatan Penggalian Potensi Mahasiswa (PPM) 2012\r\n2. Sertifikat sebagai peserta pada kegiatan Workshop "Introduction to Computer 2012"\r\n3. Sertifikat sebagai peserta pada kegiatan Latihan Dasar kepemimpinan dan Manajemen Organisasi (LDKMO) 2012\r\n4. Sertifikat sebagai panitia pada kegiatan Pelatihan Profesional Manajemen Organisasi 2013\r\n5. Sertifikat sebagai peserta pada kegiatan Upgrading Senat Mahasiswa dan Forum Senator Kelas 2013\r\n6. Sertifikat sebagai Asisten Praktikum Terfavorit Mata Kuiah Pengantar Teknologi Informasi pada Semester Ganjil TA. 2013/2014\r\n7. Sertifikat sebagai Asisten Praktikum Mata Kuliah Pengenalan Teknologi Informasi pada Semester Ganjil TA. 2013/2014\r\n8. Sertifikat sebagai Asisten Praktikum Mata Kuliah Konsep Sistem Informasi/Paket Program Aplikasi pada Semester Ganjil TA. 2013/2014\r\n9. Sertifikat sebagai Technical Support pada Kegiatan Seminar NAsional Teknologi Informasi dan Multimedia 2014\r\n10. Sertifikat sebagai Asisten Praktikum Terbaik Mata Kuliah Statistik/Statistika pada Semester Genap TA. 2013/2014\r\n11. Sertifikat sebagai Koordinasi Asisten Praktikum Mata Kuliah Praktikum Akutansi pada Semester Genap TA. 2013/2014\r\n12. Sertifikat sebagai Asisten Praktikum Mata Kuliah Statistika pada Semester Genap TA. 2013/2014 dengan predikat "Sangat Baik".\r\n13.  Sertifikat sebagai Asisten Praktikum Mata Kuliah Praktikum Akutansi pada Semester Genap TA. 2013/2014 dengan predikat "Sangat Baik".\r\n14. Sertifikat atas karya yang berjudul Lenovo, Live Like We''re Dying dan Densus 86 sebagai nominasi TV Commercial, Music Video dan Film Indie untuk Best of The Best Effect Best Editting, Best Effect, Best Sound, and Music Best Effect Best Action pada acara "Battle of Indie Multimedia 2014" STMIK Amikom Yogyakarta 2014\r\n15. Sertifikat sebagai Koordinator Asisten Praktikum Mata Kuliah Sistem Basis Data/Perancangan Basis Data pada Semester GAnjil TA. 2014/2015\r\n16. Sertifikat sebagai Asisten Praktikum Mata Kuliah Sistem Basis Data/Perancangan Basis Data pada Semester GAnjil TA. 2014/2015 dengan predikat "Sangat Baik"\r\n17. Sertifikat sebagai Panitia dalam kegiatan "Seminar Nasional Teknologi Informasi dan Multimedia 2015" yang diselenggarakan di STMIK Amikom Yogyakarta.\r\n18. Sertifikat sebagai Panitia Latihan Dasar kepemimpinan dan Manajemen Organisasi (LDKMO) 2015\r\n19. Sertifikat sebagai Koordinator Komisi Advokasi pada Senat Mahasiswa di STMIK Amikom  Yogyakarta Masa Bakti 2014/2015\r\n20. Sertifikat sebagai Asisten Praktikum Terbaik Mata Kuliah Manajemen Sains/Riset Operasi pada Semester Ganjil TA. 2015/2016\r\n21.  Sertifikat sebagai Asisten Praktikum Terfavorit Mata Kuliah Manajemen Sains/Riset Operasi pada Semester Ganjil TA. 2015/2016\r\n22.  Sertifikat sebagai Asisten Praktikum Mata Kuliah Manajemen Sains/Riset Operasi pada Semester Ganjil TA. 2015/2016\r\n23. Sertifikat sebagai peserta pada Stadium General bersama Wakil Menteri Luar Negeri Republik Indonesia : Peran Ekonomi Kreatif dalam Menghadapi MEA (Masyarakat Ekonomi Asiean) 2016', 0, '2016-01-01', '2016-12-31', 2016, '', 'Kalilumpang RT 07 RW 03 Patean, Kendal, Semarang, Jawa Tengah', '085226552275', 2012, '', 'Muamalat', '5370003446', 'Lama', 138, 1, '2016-03-12 08:31:20'),
(289, '14.11.8204', 53021, 1, 'IIP SHOIFUDDIN', '1', '55201', 4, 4, '3.47', 'AMAD SURACHMAN', 6, 1, 2853000, '', 0, '2016-01-01', '2016-12-31', 2016, 'pekerjaan ayah pensiunan PNS\r\n', 'Kp. Wates Rt. 01/03 Ds. Waringinjaya Kec. Cigeulis Kab. Pandeglang - Banten', '', 2014, '', 'Muamalat', '5350007372', 'Baru', 72, 1, '2016-03-12 08:33:21'),
(290, '14.02.8692', 53021, 1, 'Restu Lillah Rosadah Al Izzah', '2', '57401', 3, 4, '3.25', 'Ato Irwanto', 2, 4, 3000000, '', 0, '2016-01-01', '2016-12-31', 2016, '', 'Semaki Rt10/ Rw04, Umbulharjo Yogyakarta', '+966558448194', 2014, '', 'Muamalat', '5370004306', 'Baru', 72, 1, '2016-03-12 08:35:10'),
(291, '14.02.8696', 53021, 1, 'LINA SAPUTRI', '2', '57401', 3, 4, '3.89', 'KEMISO', 6, 4, 1800000, '', 0, '2016-01-01', '2016-12-31', 2016, '', 'RT 01/RW 02,  GADING 2, GADING, PLAYEN, GUNUNGKIDUL, YOGYAKARTA', '081314258526', 2014, '', 'Muamalat', '5310071768', 'Lama', 72, 1, '2016-03-12 08:35:27'),
(292, '15.12.8883', 53021, 2, 'Agrees Eka Desta Putra Nugraha', '1', '57201', 4, 2, '3.83', 'Dwi Agus Santoso', 6, 5, 12000000, '', 0, '2016-01-01', '2016-12-31', 2016, '', 'Jl. Brigjend Sudiarto no.71 Rt 03/02 Sanggrahan, Ambarawa', '081575171021', 2015, 'Agrees Eka Desta Putra Nugraha', ' Bank Muamalat Indonesia', '5380002486', 'Baru', 24, 1, '2016-03-12 08:35:33'),
(293, '13.12.7414', 53021, 1, 'Erna Yenny Astuti', '2', '57201', 4, 6, '3.60', 'Sugiyo Mulyono Saputro', 1, 3, 1500000, '', 0, '2016-01-01', '2016-12-31', 2016, '', 'Jl.Mancasan Indah 3', '', 2013, '', 'Muamalat', '2080000086', 'Baru', 120, 1, '2016-03-12 08:35:39'),
(294, '14.11.7903', 53021, 1, 'Rini Susilawati', '2', '55201', 4, 4, '3.42', 'Masnun Hasanudin', 3, 3, 3000000, '', 0, '2016-01-01', '2016-12-31', 2016, '', 'Sindang sari, kec Toili Barat, Kab, Banggai Sulawesi Tengah', '082346125880', 2014, '', 'Muamalat', '5310072999', 'Baru', 72, 1, '2016-03-12 08:37:58'),
(296, '14.12.7847', 53021, 1, 'SARAH NADIA KHOIRUNNISA', '2', '57201', 4, 4, '3.44', 'Suherman', 3, 5, 3500000, '', 0, '2016-01-01', '2016-12-31', 2016, '', 'Bondolharjo rt 03/01, Punggelan, Banjarnegara', '085293600555', 2014, '', 'Muamalat', '5310073025', 'Baru', 72, 1, '2016-03-12 08:44:52'),
(300, '14.61.0032', 53021, 1, 'Arief Agung Gumelar', '1', '55201', 4, 4, '3.83', 'Munari Alhadad', 1, 4, 4959227, 'MAB - Motor Anti Begal', 0, '2016-01-01', '2016-12-31', 2016, '', 'Desa Ponolawen RT.007 / RW.002 Kecamatan Kesesi Kabupaten Pekalongan', '082322022897', 2014, '', 'Muamalat', '5310071783', 'Lama', 72, 1, '2016-03-12 08:54:11'),
(301, '14.02.8701', 53021, 1, 'Choirul Umam', '1', '57401', 3, 4, '3.36', 'Sudarminto', 5, 2, 1000000, 'PPM, ITC AMIKOM 2014', 0, '2016-01-01', '2016-12-31', 2016, '', 'Bandung RT 21, Rw 05, Playen, Gunungkidul', '087739210667', 2014, '', 'Muamalat', '5380002169', 'Baru', 72, 1, '2016-03-12 08:55:51'),
(302, '15.11.9126', 53021, 2, 'Tri Wahyu Santoso', '1', '55201', 4, 2, '3.67', 'Katirin', 6, 3, 14400000, '', 0, '2016-01-01', '2016-12-31', 2016, '', 'Tukul,RT/RW 001/003,Bumiharjo,Giriwoyo,Wonogiri,Jawa tengah', '085293435923', 2015, 'Tri Wahyu Santoso', ' Bank Muamalat Indonesia', '5380002478', 'Baru', 24, 1, '2016-03-12 08:56:39'),
(303, '14.61.0027', 53021, 1, 'Latief Adam Busyairi', '1', '55201', 4, 4, '3.78', 'Muhammad Khafid Busyairi', 3, 3, 5000000, '', 0, '2016-01-01', '2016-12-31', 2016, '', 'Jl. Gedong Kuning I/226 RT/RW 011/004 Rejowinangun Kotagede Yogyakarta', '081222661901', 2014, '', 'Muamalat', '5310071862', 'Baru', 72, 1, '2016-03-12 08:57:05'),
(305, '14.61.0025', 53021, 1, 'handi', '1', '55201', 4, 4, '3.67', 'Jimmy Halim', 3, 3, 5000000, '', 0, '2016-01-01', '2016-12-31', 2016, '', 'Jl. Pemuda No. 44 Pekanbaru', '085363433678', 2014, '', 'Muamalat', '5370004628', 'Baru', 72, 1, '2016-03-12 08:58:35'),
(306, '15.02.8991', 53021, 2, 'Muhammad Hasan', '1', '57401', 3, 2, '3.75', 'Surati', 3, 2, 14400000, 'Peserta ITC, Peserta PPM, Peserta Microsoft Virtual Academy', 0, '2016-01-01', '2016-12-31', 2016, '', 'Ngebraklor, Rt.1,Rw.1, Giriwoyo, Giriwoyo, Wonogiri', '081329848497', 2015, 'Muhammad Hasan', ' Bank Muamalat Indonesia', '5380002477', 'Baru', 24, 1, '2016-03-12 08:59:28'),
(308, '13.11.7251', 53021, 1, 'FRIDA ARISTIANTI NUR SHOLIKAH', '2', '55201', 4, 6, '3.58', 'SARWANTA', 1, 2, 5543820, 'Nominator Amikom ICT Award (AMICTA)', 0, '2016-01-01', '2016-12-31', 2016, '', 'JUWIRING RT 01/03 JUWIRING JUWIRING KLATEN', '081548548765', 2013, '', 'Muamalat', '5350007419', 'Baru', 120, 1, '2016-03-12 09:04:41'),
(309, '14.11.8175', 53021, 1, 'Ardi Baskoro', '1', '55201', 4, 4, '3.86', 'Mardani', 3, 1, 2000000, '1. Peserta PPM Amikom 2014\r\n2. Asisten Praktikum "Algoritma dan Pemrogramaan" semester Ganjil 2015 / 2016\r\n3. Cisco Akademi CCNA 1\r\n4. Pemateri Belajar Bareng UTS HMJTI semester Ganjil 2015 / 2016 matakuliah "Kalkulus"\r\n5. Pemateri Belajar Bareng UTS HMJTI semester Ganjil 2015 / 2016 matakuliah "Logika Informatika"\r\n6. Pemateri Belajar Bareng UAS HMJTI semester Ganjil 2015 / 2016 matakuliah "Aljabar Linier dan Matriks"', 0, '2016-01-01', '2016-12-31', 2016, '', 'Jalan Rajawali 2 Rt 02 Rw 11 Ngebrak, Gentan, Baki, Sukoharjo', '085218214548', 2014, '', 'Muamalat', '5380002182', 'Lama', 72, 1, '2016-03-12 09:13:08'),
(310, '14.11.7636', 53021, 1, 'Rizki Hendra Putra Pamungkas', '1', '55201', 4, 4, '3.81', 'Aress Daryono', 1, 3, 3818162, '1. Panitia Pima Posma 2015 ( PDD)\r\n2. Panitia PPM 2015 ( Pemandu)\r\n3. Peserta PPM 2014.\r\n4. Juara 3 Lomba Ide Kreatif pada Pima Posma 2015.\r\n5. Peserta Smart Expo Developer 2015. ', 0, '2016-01-01', '2016-12-31', 2016, '', 'Botton Gg Waluyo Barat No. 378B 04/06 Magelang Tengah, Jawa tengah', '08156874219', 2014, '', 'Muamalat', '5310071875', 'Lama', 72, 1, '2016-03-12 09:19:50'),
(311, '14.02.8867', 53021, 2, 'Arif Nurjiono', '1', '57401', 3, 4, '3.00', 'Sarjiman', 3, 3, 700000, '1.How to become IT Entrepreneur\r\n2. Penggalian Potensi Mahasiswa (PPM)\r\n3.Pelatihan TA dan SKRIPSI 2016\r\n4.Workshpo "Easy Developing Mobile Apps"\r\n5. Intruduction To Computer 2014: Basic of Information Technology"', -11, '2016-01-01', '2016-12-31', 2016, '', 'Driyan,Rt57,Rw26,Wates,Kulon Progo', '087739028643', 2014, '', 'Muamalat', '5670001921', 'Baru', 72, 1, '2016-03-12 09:43:23'),
(312, '15.11.8896', 53021, 1, 'AJI SAPUTRA', '1', '55201', 4, 2, '3.92', 'DARTO', 3, 4, 1000000, '1. Smart City For Better Future\r\n2. Linux For Everywhere\r\n3. Introduction To Computer\r\n4. Penggalian Potensi Mahasiswa', 0, '2016-01-01', '2016-12-31', 2016, '', 'Jalan Kemuning No. 91 Rt 02 Rw 03 Kelurahan Kejambon, Kecamatan Tegal Timur, Kota Tegal', '085740163638', 2015, '', 'Muamalat', '5380002435', 'Baru', 24, 1, '2016-03-12 10:09:17'),
(313, '14.02.8703', 53021, 1, 'Tiara Anggun Rakhmawati', '2', '57401', 3, 4, '3.83', 'Teguh Imam Sarjono', 2, 2, 2700000, 'Cisco''s Certified Network Assosiate (CCNA), Asisten Praktikum Pengantar Tekhnologi Informatika, Asisten Praktikum Paket Program Apilkasi', 0, '2016-01-01', '2016-12-31', 2016, '', 'Jalan Kalidonan No 29 Kel. Donan Kec. Cilacap Tengah, Kab. Cilacap, Jawa Tengah', '085747949091', 2014, '', 'Muamalat', '5420005217', 'Lama', 72, 1, '2016-03-12 10:09:19'),
(314, '15.11.8879', 53021, 1, 'Muhammad Nurwahid', '1', '55201', 4, 2, '3.92', 'Supriyanto', 5, 2, 2000000, '1. Introduction To Computer\r\n2. Penggalian Potensi Mahasiswa\r\n3. Build Your Own Website With HTML & CSS\r\n4. Seminar Personal Branding In Digital Society - How To Market Yourself', 0, '2016-01-01', '2016-12-31', 2016, '', 'Bandar Sari RT004/RW002\r\nKec. Way Tuba, Kab. Way Kanan, Prop. Lampung', '085769929251', 2015, '', 'Muamalat', '5380002465', 'Baru', 24, 1, '2016-03-12 10:10:50'),
(315, '15.01.3478', 53021, 1, 'Yohana kristabela', '2', '55401', 3, 2, '3.25', 'Sarjono', 3, 1, 1200000, '', 0, '2016-01-01', '2016-12-31', 2016, '', 'karanglor1,002/008,kemadang,tanjungsari,gunungkidul,yogyakarta', '085292924401', 2015, '', 'Muamalat', '5380002500', 'Baru', 24, 1, '2016-03-12 10:17:32'),
(316, '14.01.3368', 53021, 2, 'CANDRI NONA KUSTINA', '2', '55401', 3, 4, '3.44', 'SUDIRMAN', 5, 3, 7200000, 'Mengikuti SED\r\nMengikuti Seminar Big Data\r\nMengikuti Seminar Nasional\r\nMendapatkan Setifikat Cisco', 0, '2016-01-01', '2016-12-31', 2016, '', 'NGEMPLAK, RT 01/RW 01, NGEMPLAK, KARANGNONGKO, KLATEN', '087734899177', 2014, 'CANDRI NONA KUSTINA', ' Bank Muamalat Indonesia', '5350006903', 'Lama', 72, 1, '2016-03-12 10:47:18'),
(317, '15.11.9051', 53021, 1, 'AAN NUJUMUL MARUF', '1', '55201', 4, 2, '4.00', 'AHMAD BEJO', 5, 5, 3000000, '', 0, '2016-01-01', '2016-12-31', 2016, '', 'JALAN CEMARA 10 KRAPYAK LOR', '085640321929', 2015, '', 'Muamalat', '5310073082', 'Baru', 24, 1, '2016-03-12 11:10:03'),
(318, '14.11.8266', 53021, 1, 'Kiki Efraim Siallagan', '1', '55201', 4, 4, '3.69', 'Shinta', 1, 1, 3732583, '1. Peserta Kompas Kampus KOMPAS TV 2015\r\n2. Peserta International Seminar "Business Opportunities for Big Data and Cloud Computing"\r\n3. Peserta International Seminar "How to Become an IT Entrepreneur"\r\n4. Peserta Workshop "What a Boy Need to be Profesional" Indomaret Group\r\n5. Panitia Seminar Nasional "Indonesia Goes to Nuclear Power Plan and IT for Life"\r\n6. Peserta "Introduction To Computer 2014"\r\n7. Panitia Tim Aspirasi Dialog Lembaga dan Mahasiswa 2015\r\n8. Staff Kementrian Dalam Negeri Badan Eksekutif Mahasiswa Kabinet Bersatu Untuk Karya Tahun 2014/2015\r\n9. Peserta Seminar Overclocking Smart Expo Developer 2015\r\n10. Peserta Smart Expo Developer 2015\r\n11. Peserta Penggalian Potensi Mahasiswa 2014\r\n12. Sertifikat CCNA Routing and Switching: Introduction to Networks, part of the Cisco Networking Academy', 0, '2016-01-01', '2016-12-31', 2016, '', 'Jalan Joyo Dirjo No. 96 Desa Sumber Agung, Kecamatan Ambarawa, Kabupaten Pringsewu, Provinsi Lampung', '081272380135', 2014, '', 'Muamalat', '5380002494', 'Baru', 72, 1, '2016-03-13 08:51:34');

-- --------------------------------------------------------

--
-- Table structure for table `jenjang`
--

CREATE TABLE `jenjang` (
  `jenjang_id` int(11) NOT NULL,
  `jenjang_nama` varchar(10) NOT NULL,
  `mdb` int(11) NOT NULL,
  `mdd` datetime NOT NULL
) ENGINE=InnoDB DEFAULT CHARSET=latin1;

--
-- Dumping data for table `jenjang`
--

INSERT INTO `jenjang` (`jenjang_id`, `jenjang_nama`, `mdb`, `mdd`) VALUES
(1, 'D1', 1, '2016-03-01 00:00:00'),
(2, 'D2', 1, '2016-03-01 00:00:00'),
(3, 'D3', 1, '2016-03-01 00:00:00'),
(4, 'D4', 1, '2016-03-01 00:00:00'),
(5, 'S1', 1, '2016-03-01 00:00:00');

-- --------------------------------------------------------

--
-- Table structure for table `kampus`
--

CREATE TABLE `kampus` (
  `kampus_id` int(11) NOT NULL DEFAULT '1',
  `kampus_kdpti` int(11) NOT NULL,
  `kampus_nama` varchar(50) NOT NULL
) ENGINE=InnoDB DEFAULT CHARSET=latin1;

--
-- Dumping data for table `kampus`
--

INSERT INTO `kampus` (`kampus_id`, `kampus_kdpti`, `kampus_nama`) VALUES
(1, 53021, 'STMIK Amikom Yogakarta');

-- --------------------------------------------------------

--
-- Table structure for table `no_epsbed`
--

CREATE TABLE `no_epsbed` (
  `epsbed_kode` varchar(10) NOT NULL,
  `epsbed_nama` varchar(30) NOT NULL,
  `kampus_id` int(11) NOT NULL DEFAULT '1',
  `mdb` int(11) NOT NULL,
  `mdd` datetime NOT NULL
) ENGINE=InnoDB DEFAULT CHARSET=latin1;

--
-- Dumping data for table `no_epsbed`
--

INSERT INTO `no_epsbed` (`epsbed_kode`, `epsbed_nama`, `kampus_id`, `mdb`, `mdd`) VALUES
('55201', 'S1-Teknik Informatika', 1, 1, '2016-03-01 00:00:00'),
('55401', 'D3-Teknik Informatika', 1, 1, '2016-03-01 00:00:00'),
('57201', 'S1-Sistem Informasi', 1, 1, '2016-03-01 00:00:00'),
('57401', 'D3-	Manajemen Informatika', 1, 1, '2016-03-01 00:00:00');

-- --------------------------------------------------------

--
-- Table structure for table `pekerjaan_orang_tua`
--

CREATE TABLE `pekerjaan_orang_tua` (
  `pekerjaan_id` int(11) NOT NULL,
  `pekerjaan_nama` varchar(100) NOT NULL,
  `mdb` int(11) NOT NULL,
  `mdd` datetime NOT NULL
) ENGINE=InnoDB DEFAULT CHARSET=latin1;

--
-- Dumping data for table `pekerjaan_orang_tua`
--

INSERT INTO `pekerjaan_orang_tua` (`pekerjaan_id`, `pekerjaan_nama`, `mdb`, `mdd`) VALUES
(1, 'PNS/PEGAWAI NEGARA', 1, '2016-03-01 00:00:00'),
(2, 'PEGAWAI SWASTA', 1, '2016-03-01 00:00:00'),
(3, 'WIRASWASTA', 1, '2016-03-01 00:00:00'),
(4, 'ANGGOTA TNI/POLRI', 1, '2016-03-01 00:00:00'),
(5, 'PETANI/NELAYAN', 1, '2016-03-01 00:00:00'),
(6, 'LAINNYA', 1, '2016-03-01 00:00:00');

-- --------------------------------------------------------

--
-- Table structure for table `prestasi`
--

CREATE TABLE `prestasi` (
  `prestasi_id` int(11) NOT NULL,
  `prestasi_jenis` int(11) NOT NULL,
  `prestasi_bobot` int(11) NOT NULL
) ENGINE=InnoDB DEFAULT CHARSET=latin1;

--
-- Indexes for dumped tables
--

--
-- Indexes for table `admin`
--
ALTER TABLE `admin`
  ADD PRIMARY KEY (`admin_id`);

--
-- Indexes for table `beasiswa`
--
ALTER TABLE `beasiswa`
  ADD PRIMARY KEY (`beasiswa_id`),
  ADD KEY `mdb` (`mdb`);

--
-- Indexes for table `data_mahasiswa`
--
ALTER TABLE `data_mahasiswa`
  ADD PRIMARY KEY (`mahasiswa_no_urut`),
  ADD UNIQUE KEY `mahasiswa_npm` (`mahasiswa_npm`),
  ADD KEY `mahasiswa_biasiswa` (`mahasiswa_beasiswa`),
  ADD KEY `mahasiswa_jenjang` (`mahasiswa_jenjang`),
  ADD KEY `mahasiswa_pekerjaan` (`mahasiswa_pekerjaan`),
  ADD KEY `mdb` (`mdb`),
  ADD KEY `mahasiswa_kode_prodi` (`mahasiswa_kode_prodi`);

--
-- Indexes for table `jenjang`
--
ALTER TABLE `jenjang`
  ADD PRIMARY KEY (`jenjang_id`),
  ADD KEY `mdb` (`mdb`);

--
-- Indexes for table `kampus`
--
ALTER TABLE `kampus`
  ADD PRIMARY KEY (`kampus_id`);

--
-- Indexes for table `no_epsbed`
--
ALTER TABLE `no_epsbed`
  ADD PRIMARY KEY (`epsbed_kode`),
  ADD KEY `mdb` (`mdb`),
  ADD KEY `kampus_id` (`kampus_id`);

--
-- Indexes for table `pekerjaan_orang_tua`
--
ALTER TABLE `pekerjaan_orang_tua`
  ADD PRIMARY KEY (`pekerjaan_id`),
  ADD KEY `mdb` (`mdb`);

--
-- Indexes for table `prestasi`
--
ALTER TABLE `prestasi`
  ADD PRIMARY KEY (`prestasi_id`);

--
-- AUTO_INCREMENT for dumped tables
--

--
-- AUTO_INCREMENT for table `admin`
--
ALTER TABLE `admin`
  MODIFY `admin_id` int(11) NOT NULL AUTO_INCREMENT, AUTO_INCREMENT=2;
--
-- AUTO_INCREMENT for table `beasiswa`
--
ALTER TABLE `beasiswa`
  MODIFY `beasiswa_id` int(11) NOT NULL AUTO_INCREMENT, AUTO_INCREMENT=3;
--
-- AUTO_INCREMENT for table `data_mahasiswa`
--
ALTER TABLE `data_mahasiswa`
  MODIFY `mahasiswa_no_urut` int(11) NOT NULL AUTO_INCREMENT, AUTO_INCREMENT=319;
--
-- AUTO_INCREMENT for table `jenjang`
--
ALTER TABLE `jenjang`
  MODIFY `jenjang_id` int(11) NOT NULL AUTO_INCREMENT, AUTO_INCREMENT=6;
--
-- AUTO_INCREMENT for table `pekerjaan_orang_tua`
--
ALTER TABLE `pekerjaan_orang_tua`
  MODIFY `pekerjaan_id` int(11) NOT NULL AUTO_INCREMENT, AUTO_INCREMENT=7;
--
-- AUTO_INCREMENT for table `prestasi`
--
ALTER TABLE `prestasi`
  MODIFY `prestasi_id` int(11) NOT NULL AUTO_INCREMENT;
--
-- Constraints for dumped tables
--

--
-- Constraints for table `beasiswa`
--
ALTER TABLE `beasiswa`
  ADD CONSTRAINT `beasiswa_ibfk_1` FOREIGN KEY (`mdb`) REFERENCES `admin` (`admin_id`) ON UPDATE CASCADE;

--
-- Constraints for table `data_mahasiswa`
--
ALTER TABLE `data_mahasiswa`
  ADD CONSTRAINT `data_mahasiswa_ibfk_1` FOREIGN KEY (`mdb`) REFERENCES `admin` (`admin_id`) ON UPDATE CASCADE,
  ADD CONSTRAINT `data_mahasiswa_ibfk_2` FOREIGN KEY (`mahasiswa_jenjang`) REFERENCES `jenjang` (`jenjang_id`) ON UPDATE CASCADE,
  ADD CONSTRAINT `data_mahasiswa_ibfk_3` FOREIGN KEY (`mahasiswa_pekerjaan`) REFERENCES `pekerjaan_orang_tua` (`pekerjaan_id`) ON UPDATE CASCADE,
  ADD CONSTRAINT `data_mahasiswa_ibfk_4` FOREIGN KEY (`mahasiswa_beasiswa`) REFERENCES `beasiswa` (`beasiswa_id`) ON UPDATE CASCADE,
  ADD CONSTRAINT `data_mahasiswa_ibfk_5` FOREIGN KEY (`mahasiswa_kode_prodi`) REFERENCES `no_epsbed` (`epsbed_kode`) ON UPDATE CASCADE;

--
-- Constraints for table `jenjang`
--
ALTER TABLE `jenjang`
  ADD CONSTRAINT `jenjang_ibfk_1` FOREIGN KEY (`mdb`) REFERENCES `admin` (`admin_id`) ON UPDATE CASCADE;

--
-- Constraints for table `no_epsbed`
--
ALTER TABLE `no_epsbed`
  ADD CONSTRAINT `no_epsbed_ibfk_1` FOREIGN KEY (`kampus_id`) REFERENCES `kampus` (`kampus_id`) ON UPDATE CASCADE;

--
-- Constraints for table `pekerjaan_orang_tua`
--
ALTER TABLE `pekerjaan_orang_tua`
  ADD CONSTRAINT `pekerjaan_orang_tua_ibfk_1` FOREIGN KEY (`mdb`) REFERENCES `admin` (`admin_id`) ON UPDATE CASCADE;

/*!40101 SET CHARACTER_SET_CLIENT=@OLD_CHARACTER_SET_CLIENT */;
/*!40101 SET CHARACTER_SET_RESULTS=@OLD_CHARACTER_SET_RESULTS */;
/*!40101 SET COLLATION_CONNECTION=@OLD_COLLATION_CONNECTION */;
